Katsesõna	Tähendus
põrutama	"löögi või löökidega midagi kuskile või mingisse asendisse, olukorda viima	 tugevasti lööma, tugevat hoopi andma"
ribi	rindkere paariline kaarjas skeletiosa, mis on taga kinnitunud selgroo, ees rinnaku külge
kargama	(riigist, vangistusest, kinnipidamisasutusest vm) põgenema
kargama	suguakti sooritama (isasloomade, ka mehe kohta)
kits	inimene, kes teis(t)e peale kaebab või teise(d) üles annab
paralleel	üks kooli sama astme klassidest
sisse ajama	palju või ahnelt sööma või jooma
kärakas	viin vm hrl kangem alkohoolne jook
luhvt	"aine omadus, mida sa tunned nina kaudu	 paljude ainete omadus, mida tunneb nina kaudu (haistmisaistinguna)"
luhvt	"Maad ümbritsev gaaside segu, mida me hingame	 maakera ümbritsev gaaside segu, elutegevuseks vajaliku hapniku allikas"
peale minema	meeldima, sobima
pooletoobine	väärtuselt, mõistuselt vm omaduste poolest mitte kõige paremal tasemel
putk	karuputke jt sarikaliste sugukonda kuuluvate õõnsa varrega rohttaimede üldkeelne nimetus
sell	(mehe kohta)
sitt	"looma või inimese väljaheide, roe	 sõnnik (põllu väetisena)"
sott	(rahaline) arvestus, arvepidamine millegi kohta
suts	lühiajaline sooritus, eriti väike teatri- või filmiroll
vurts	hoog, energia
kah	"peale selle, lisaks	 samuti, ka (nagu keegi teine või miski muu), teiste või muu kõrval"
klaarima	probleeme, suhteid vms selgitama või lahendama
klappima	"(kokku) sobima	 kooskõlas olema"
kompu	"suhkrust, siirupist ja mitmesugustest lisanditest väike maiustus	 väike tükk magusat toitu, mis on tehtud näiteks suhkrust ja šokolaadist"
kõnetoru	"(sõnumi edasiandmise abinõu, vahendi kohta)	 kellegi põhimõtteid ning ideid levitav väljaanne, meediakanal, isik vms"
parkima	rohkesti ja aplalt sööma
pask	(vedel) väljaheide, roe
pipardama	"tujude järgi talitama, tujukas olema	 ülearu valiv olema"
pirakas	kogult, mõõtmetelt hästi suur
plekk	metallist või metallisulamist ese või detail (plekknõu, lant, kontsaplekk vms)
rihtima	oma tegevust, juttu vms soovitud suunda juhtima, hrl mingeid asjaolusid arvestades, midagi millegagi sobitades
rokk	jahust ja veest segatud loomatoit
sitsima	(hrl koera kohta:) esikäppi õhus hoides tagakäppadel istuma, hrl söögipoolist küsides
sortsutama	"sel viisil kusema	 väikese koguse kaupa korduvalt valama või voolata laskma"
ära kukkuma	(nurisünnituse kohta)
diiler	narkootikumide vahendaja või edasimüüja
frukt	"toiduks tarvitatav viljapuu vili, nt õun, ploom, pirn	 vili, mis kasvab puu küljes ja mida inimesed söövad, näiteks õun, pirn ja ploom"
frukt	(eriline, iseäralik, konfliktne) tüüp, tegelane
jurama	"tüütut, mõttetut, rumalat juttu ajama	 õiendama"
kannikas	üks kahest ümarast pehmest kehaosast, mis moodustavad tagumiku
kara	mehe suguliige
ketrama	millestki korduvalt, vahetpidamata rääkima
kiilakas	kiilasjää
klaaruma	"segavatest asjaoludest vabanema (nt udust, pilvedest)	 vaadeldavana puhtamalt, selgemalt paistma hakkama"
kontra	(spordis:) värava, korvi, punkti saavutamiseks peale tungimine vastusena vastase rünnakule
koperdama	vaevaliselt, komistades, aeglaselt käima
kräkk	eriti kiiresti sõltuvust tekitav kokaiiniderivaat, mis suitsetamisel mõjub juba mõne sekundi pärast
kupatama	kedagi (sunniviisil) kuhugi, midagi tegema saatma või ajama
käkkima	"midagi kiiruga, kehvasti tegema	 midagi ära rikkuma"
leegionär	välismaalt palgatud, mitte oma maa klubis mängiv sportlane
libekala	osava jutuga silmakirjalik tüüp
luhvtitama	(raha raiskamise, hoogsa kulutamise kohta)
lutikas	väike pealtkuulamisseade
läbu	sisutühi, halvustav vm häiriv jutt internetifoorumis
läbu	joomapidu, kus enda järelt ei koristata
läbu	maha jäetud sodi, räpased jäägid
läbustama	(hoogsalt, kärarikkalt) pidutsema
läbustama	"endast rämpsu ja jäätmeid maha jätma	 midagi maha ajama või peale tilgutama"
läbustama	internetifoorumis sisutühja, halvustavat või roppu teksti kirjutama
lällama	joobnuna pehmel keelel rääkima, laulujoru ajama vms
lällutama	joobnuna pehmel keelel rääkima, laulujoru ajama vms
mats	heade kommeteta, labase käitumise ja rääkimisega inimene, ka sõimusõnana
mihkel	millegi peale hakkaja, milleski osav
moor	eakas naine
mutt	eakas, vana naine
möga	"jama, totrus, mõttetus	 segane, totter, sisuta ja mõtteta jutt"
mööbeldama	"kõvasti rahmeldama	 kärarikkalt toimetama"
naga	(hrl pahameelt väljendades poisikese, nooruki kohta)
nitro	kütus, mille üks komponent sisaldab nitrorühma
nõks	"kaval võte	 leidlik toimimisviis, (kaval) võte"
näitemäng	"hrl laval esitamiseks mõeldud dialoogivormis kirjandusteos	 kirjutatud teos, mis on mõeldud näitlejatele teatris esitamiseks	 selle ettekanne"
nöps	keegi või miski väike ja ümar (ning armas, kena)
odamees	odaviskega tegelev sportlane
pasundama	üliagaralt kuulutama, teatama või edasi rääkima
pehmik	leebe ja järeleandlik, abituna mõjuv, mittekarm inimene, hrl mehe kohta
perse	tagumik
pill	televiisor, muusikakeskus, auto, fotokaamera vms riist
pillitama	hellitama, poputama
pillitama	nututama
pillitama	(jahti pidades) vilega lindu või looma peibutama
pilves	narkootikumist tingitult joobeseisundis, narkouimas
pipstükk	mingi paremat, peenemat sorti toit või toidupala
pipstükk	peps (nõudlik ja valiv) inimene
plass	"(näovärvi kohta:) kahvatu, jumetu	 (värvide kohta:) ereduseta, erksuseta"
poppar	"popmuusik	 popmuusika fänn"
porte	mustriga ilustatud riba, lint või nöör rõivaste, tapeedi vm äärel
prahmakas	"ebaõnnestumine	 ekslik tegu, (suur) viga"
puukeel	purssiv võõrkeele kõnelemine
põrakas	"(tugev) hoop	 pauk või plahvatus"
pätakas	(väike) laps
reaktiiv	ühe või mitme reaktiivmootoriga lennuk
ropsima	"kui sa oksendad, siis tuleb toit su kõhust suu kaudu välja	 pooleldi seeditud toitu koos maomahlaga tahtele allumatult suu kaudu välja paiskama"
satikas	(parasiit)putukas
siiberdama	edasi-tagasi (logelevalt, lõdvalt) liikuma, sel viisil midagi tegema
sittama	mustaks, räpaseks tegema, jäätmetega saastama, reostama
soss	saamatu, käpardlik
suksutama	naisega armusuhtes olema, sellele ahvatlema
surmasõlm	(lennunduses:) vigurlennu element, mida sooritav lennuk teeb õhus vertikaalse ringi
sutsakas	lühiajaline sooritus, eriti väike teatri- või filmiroll
sürr	(sürrealistlikke) nägemusi, (veidraid) kujutluspilte sisaldav või muul moel uskumatu ja põnev
tatine	tatiga koos, tatiga määrdunud
tatt	(lapse, liiga noore inimese kohta, ka halvustavalt või sõimusõnana)
tatt	"ninast erituv lima, ninasekreet	 sülg"
tiiskant	"(kõrge kileda hääle kohta)	 kõrge lapse-, poisihääl koorilaulus"
tirts	(väike) tüdruk, tütarlaps
tohlakas	hoop, löök
trehvama	kellegagi kokku sattuma, kedagi (juhuslikult) kohtama
töss	jõuetu, energiata, saamatu, vilets
tümakas	monotoonse tugeva rütmiga muusika
vargapesa	pistik, mis võimaldab mitu elektririista vooluvõrku lülitada, harupistik
vibra	mehaaniline võnkumine
vitsutama	rohkesti ja aplalt sööma
volüüm	heli tugevus
värdjas	(vastumeelsust äratava inimese kohta, ka sõimusõnana)
aidaa	(lahkumisel öeldav sõna:) nägemiseni, kohtumiseni
alias	varjunimi
amarüll	Kesk- ja Lõuna-Ameerikast pärit suurte hrl punaste või valgete kellukjate õitega sibullill, Eestis toataim
ARK	"riiklik teenindusbüroo, kus korraldatakse sõiduki ostu- ja müügitoiminguid, juhilubade taotlemist vms	 sõidukite registreerimise büroo"
asjapulk	(tähtis) ametimees, (tähtsalt) milleski osalev inimene
baka	kõrghariduse madalaima astme õpe, mille kestel üliõpilane omandab eriala alusteadmised ja -oskused
baka	"inimene, kes on lõpetanud hrl kolmeaastase õppekava ja saanud bakalaureusekraadi	 vastav akadeemiline kraad"
debiilne	ülimalt totter, äärmiselt rumal
eba	"millegi poolest sobimatu, kohatu, mitte hea, meeldiv ega õige	 tobe, nõme"
ekstra	"erilisse, valitud klassi kuuluv	 eriti, eriliselt"
erakas	(omaette) korter, hrl vastandatuna ühiselamule või ametikorterile
flegma	(temperamenditüüp:) pikaldane, tasakaalukas, väliselt nõrgalt reageeriv inimene
frits	(Natsi-Saksamaa sõjaväelase kohta)
haltuura	rahateenimiseks tehtav (eraviisiline) kõrvaltöö
hiigla	tohutult, üliväga
hiiglama	tohutult, üliväga
hiinakas	Hiina toite pakkuv söögikoht
hilp	"hrl naiste kergem riietusese	 vähenõudlik, kehv riideese"
hullumaja	haigla, kus ravitakse psüühikahäireid
huulekas	"pulgalaadne kosmeetikavahend huulte värvimiseks või võidmiseks	 vahend, millega naised huuli värvivad"
hädapasun	alatasa hädaldav inimene
igatepidi	"igal moel, igas suhtes	 igas suhtes, igas mõttes	 igas suhtes, igas mõttes, igal moel"
jahvatama	millestki tüütuseni palju rääkima
jamama	mitteasjalikku, segast või tõele mittevastavat juttu ajama
jamps	totrus, rumal või segane jutt või tegu
jeekim	tont, kuradike, paha vaim, koll
jobutama	rumalusi, totrat juttu rääkima, jobujuttu ajama
jobutus	"miski totter, rumal	 rumal, totter jutt"
joomavend	"inimene, kes joob liiga palju alkoholi ja on sellest sõltuvuses	 inimene, kes ülemäära tarvitab alkohoolseid jooke, on alkoholist sõltuvuses"
jubetu	väga kole, väga inetu
jumalavili	(teravilja, ka muude viljade või üldse toidu kohta)
jurakas	suur ja jäme (ning raske)
jõmmkärakas	jässakas tugev (jooma- ja lööma)mees
kabelimats	tappev või väga ränk löök
kaif	uimasti vm mõnuaine pruukimisel tekkiv joobe-, naudinguseisund
kanapea	"alkoholi talumise seisukohalt kehv, vilets pea	 vilets, halb mälu või taip"
kapo	asutus, mille ülesanne on tagada riiklik julgeolek, võidelda terrorismiga ja riigi vastu suunatud kuritegudega
karauul	"vahtkond	 valve"
kargutama	"(looma kohta:) sugutama	 (mehe kohta:) kedagi magatama, kellegagi seksima"
kassikontsert	kassi(de) kisa
kaukaaslane	tugeva kehaehitusega võõraste suhtes umbusaldava loomuga koer, keda kasutatakse peamiselt karja ja kodu kaitsmisel
keksima	millestki uhkeldades rääkima, ennast sel viisil tähtsaks tegema või tähelepanu püüdma
kepitama	kepikõndi tegema
keretäis	kõhtu täitev, küllalt suur kogus (söödavat, joodavat)
kibedik	"alkoholi sisaldav kange jook, mis näeb välja nagu vesi	 peamiselt teraviljast või kartulist saadav kange värvitu alkohoolne jook, mis sisaldab vett ja destilleeritud etanooli"
kihvt	(hinnanguna:) väga tore, vaimustust või imetlust äratav
kirevane	leebe kirumissõna, mida kasutatakse millegi või kellegi üle pahandades, midagi taunides, harvemini imestuse või üllatuse korral
kirvenägu	jämedajooneline, rohmakas, tuim nägu (inimesel)
klants	sära, läige
klatt	korda aetud, korras
kleepekas	väike info- või reklaamsilt mingile pinnale kleepimiseks (elektrooniline või liimikihiga silt)
klohmima	peksma, taguma
koba	kohmakas ja saamatu või kehvade oskustega
kobima	kohmitsedes, tüdinult kuhugi (nagu sisse pugedes) minema või midagi tegema
kobisema	pomisedes rääkima, hrl rahulolematust väljendades, millegi üle õiendama
kodinad	kuhugi kaasavõetavad tarbeasjad (nt reisivarustus, sporditarbed, riided)
kohi	"kastreeritud	 suguvõimetu"
kooberdama	viletsalt, vaevaliselt käima, vaevaliselt edasi liikuma
koss	(suur) jalats
krapp	reproduktor, ka transistorraadio
krehvtine	kange, teravamaitseline
krempel	"vähehinnatav üritus	 väheväärtuslik, kulunud kraam kogumina"
kriimsilm	"hall metsloom, kes on välimuselt koera moodi ja sööb liha	 suure koera sarnane enamasti halli värvi kiskja"
krimka	kriminaaljutt, -romaan või -film
kroonu	sõjavägi, sõjaväeteenistus
kroonu	riik, riigivõim
krutski	taipamist eeldav, nuputama, leiutama sundiv asjaolu (mis tähelepanuta olekus võib märkamata jääda)
kuli	(hrl semulikult poiste või meeste kohta:) kutt, sell
kupatus	asjade, inimeste, toitude, olukordade vm kogum koos kõige juurdekuuluvaga
kuradinahk	leebe kirumissõna, mida kasutatakse millegi või kellegi üle pahandades, midagi taunides, harvemini imestuse või üllatuse korral
kuriloom	leebe kirumissõna, mida kasutatakse millegi või kellegi üle pahandades, midagi taunides, harvemini imestuse või üllatuse korral
kurinahk	leebe kirumissõna, mida kasutatakse millegi või kellegi üle pahandades, midagi taunides, harvemini imestuse või üllatuse korral
kurjam	pahategija, kurikael
kutu	otsas, omadega läbi
kõlakas	suust suhu liikuv jutt, sõnum vms, millel ei pruugi tõepõhja olla
kõngema	surema
käpard	kohmakas ja saamatu või kehvade oskustega
kärbsesitt	kärbeste tekitatud mustus, hrl kärbeste väljaheited
kärvama	surema
könn	(üleolevalt kellegi meelest alaväärse inimese, harvemini looma kohta)
küljeluu	(roide kohta)
küpse	(inimese oleku, seisundi kohta:) omadega läbi, pehmeks tehtud, vastupanuvõimeta
ladna	(inimese kohta:) lahke, sõbraliku rahvameheliku olekuga
laga	lahja vesine jook või toit
lake	lahja vesine jook või toit
lantima	(seks)partnerit otsima, kedagi (või midagi) kätte saada püüdma
limusk	tigu vm limune
liru	õhuke ja hõre, vähe vastupidav
litakas	"löök, hoop	 pauk"
lobi	söök (hrl vedel toit või supp)
lohv	painduvast materjalist toru hrl vedeliku või gaasi teisaldamiseks
lokerdama	"(kolisedes ja raputades) aeglaselt sõitma	 kolisedes, raputades aeglaselt sõitma"
lubjakas	vanainimene
luukamber	oskuste kontroll (nt laulukooris)
lõuakas	suure jutuga, sõnakas
lõust	(halvustades või sõimates:) ebameeldiv, veider, koletislik nägu või olend
maamuna	planeet Maa
maha lööma	kedagi ära tapma
mammi	vanem naisterahvas
mampsel	(mitte enam noor) naine
mamsel	(mitte enam noor) naine
maoldama	pikaliasendis kõhuli olema või lohakalt, lõdvalt kuskil lebama
maotäis	kõhtu täitev, küllalt suur kogus (söödavat, joodavat)
masinavärk	asjade käik, mingi protsessi või nähtuse toimumise mehhanism
mestima	ühel nõul tegutsema, kellegagi seltsima
mill	"1 000 000	 tuhat tuhandet (106, 1 000 000)"
millas	"küsiv-siduv sõna: mis ajal	 mis ajal"
misjaoks	"(küsimusena:) mille pärast, mis põhjusel	 mis põhjusel"
musu	"(väike, kerge) suudlus	 kerge suudlus"
muti	"naine, kellel on laps või lapsed	 naissoost vanem, naine oma lapse või laste suhtes"
mutukas	(parasiit)putukas
mängumees	meeskondlikus sportmängus osaleja, mängust osavõtja (nt korvpallis)
mögin	(kokku segatud) püdel mass
mögisema	"rahulolematust väljendades õiendama	 segast juttu ajama (ka rääkimise kohta üldse)"
möku	ettevõtlikkuseta, otsustusvõimetu, saamatu
nahatäis	(peksaandmise või -saamise, karistamise kohta)
naistekas	naisi huvitava sisuga meelelahutuslik romaan, filmisari, ajakiri vms
nodi	"kraam, asjad, esemed	 toidukraam"
nokka pidi	(inimeste kohta:) ninapidi, lähestikku (koos)
nokkapidi	(inimeste kohta:) ninapidi, lähestikku (koos)
nokutama	"pead üles-alla liigutama (nt nõusoleku, heakskiidu märgiks, tervituseks, loomadel reflektoorse liigutusena)	 pead üles ja alla liigutama, tavaliselt selleks, et vastata mingile küsimusele ""jah"" või väljendada nõusolekut"
nottima	kedagi tapma, surmama
nudima	(raha, mõju vms kohta:) kärpima, (ülemäära) vähendama
näh	tähelepanu juhtiv hüüatus, kasutatakse seletades, nentides, kinnitades või midagi pakkudes
näpukas	kirjaviga, mis on tehtud kogemata, tähelepanematusest, mitte oskamatusest
OK	"(suhtluses kasutatav ütlus, mis väljendab kinnitust, nõusolekut või mööndust)	 sõna, millega sa näitad, et oled nõus, või mida sa kasutad, kui vahetad teemat või tegevust"
omasooihar	inimene, kes tunneb seksuaalset ja emotsionaalset tõmmet samast soost inimese vastu
opakas	rumal, loll, tobe
otu	(hrl heatahtlikult:) rumal, taipamatu
pasandama	(vedelat) roojama
pasane	pasaga koos, räpane, väga määrdunud
peale hüppama	sõnadega ründama, kellegagi kärkima
penss	"igakuiselt makstav rahasumma vanaduse, invaliidsuse või toitjakaotuse korral või nõutava pikkusega tööpanuse olemasolul	 raha, mida riik maksab iga kuu vanale inimesele, kes enam ei tööta"
personaalia	"asutuse või ettevõtte töötajad	 organisatsiooni liikmed"
pinss	"igakuiselt makstav rahasumma vanaduse, invaliidsuse või toitjakaotuse korral või nõutava pikkusega tööpanuse olemasolul	 raha, mida riik maksab iga kuu vanale inimesele, kes enam ei tööta"
pissu	"(lastega ühenduses:) piss	 pissimine"
pleku	plekist nõu, ahi, velg vm ese
pleku	(auto)plekksepp
pläru	"sigaret	 sigaret või pabeross"
poja	pojake, poisike
poju	pojake, poisike
pookstav	omakäeliselt kirjatähtedega kirjutatud nimi teksti all
poose	moekas, eriti soositud, (väga) populaarne
poriorikas	(porise, määrdunud inimese kohta)
porken	köögiviljana kasvatatav sulgjate lehtede ja hrl oranžika pikliku juurikaga rohttaim
porno	"suguelundeid ja seksi nilbelt kujutav film, foto, raamat vm	 suguelundite ja seksi nilbe kujutamine pildis ja sõnas"
praavitama	(tervisega seoses:) ravima, ravides terveks tegema
prill	"kahest (optilisest) klaasist ja raamist koosnev ese, mida kantakse nägemise parandamiseks ja korrigeerimiseks või silmade kaitseks	 kahest klaasist ja raamist koosnev ese, mida inimesed kannavad silmade ees, et paremini näha"
proff	"mingil alal kutseliselt tegev isik	 oma ala meister"
prohvus	omaaegne leebe kirumissõna
pussakas	"(vana ja) imelik, korratult istuv riideese	 pulstunud, sassis karvaga loom"
püüne	lava näidendi vm lavateose esitamiseks, ka teatri kohta üldse
rahapaber	paberist vm pehmest materjalist maksevahend
raksus	vargil, varastamas
rets	kurjategija, kes pärast karistuse kandmist paneb toime uue kuriteo, paadunud kurjategija
ruudune	pindalalt teatud arvu ruutmeetrite suurune
ruunama	isast hobust (täkku) vm isaslooma kastreerima
saltser	tsingi lahustamisel soolhappega saadava ühendi vesilahus, mida kasutatakse erinevate metallide (nt raua, terase, vase) tinaga jootmisel või puidu immutamiseks
samagonn	kodustes tingimustes valmistatud viin
samasooihar	inimene, kes tunneb seksuaalset ja emotsionaalset tõmmet samast soost inimese vastu
sedapsi	sedamoodi, niimoodi
seebikas	peamiselt suhteid käsitlev (sentimentaalne, melodramaatiline) televisioonisari, milles on palju tegelasi ja tegevusliine ning mida näidatakse hrl igal argipäeval
seesamane	sama, seesama
seesamune	sama, seesama
sehkendama	millegagi tegevuses olema, siia-sinna liikudes askeldama
sellane	selleaegne
sellane	selline, niisugune
semmima	kellegagi sõbrustama, teda meelitama, hrl millegi saavutamise nimel
sihverplaat	(näo kohta)
sihverplaat	kella, mõõteriista tunni- vm jaotisega osa
siilipea	lühikeseks lõigatud püstjuuksed
sindrima	leebe kirumissõna, mida kasutatakse kellegi või millegi üle pahandades, kedagi sarjates, harva ka tunnustades
sitane	räpane, väga määrdunud, mustusega või sitaga koos
sitaratas	(sõimusõna)
sittuma	päraku kaudu väljaheiteid, rooja väljutama
sogama	segast juttu rääkima, millegi kohta vassima, fakte moonutama
sosku	lutipudel või lutt
spets	"inimene, kes teab teatud valdkonnast palju	 inimene, kes tunneb hästi oma ala, hrl vastava haridusega inimene"
stepsel	paikne seadis, millesse torgatakse pistik, et elektririistu vooluvõrku ühendada
studeerima	(kõrgkoolis) õppima
studeerima	uurima, tundma õppima
surmalaupäev	(aja kohta vahetult enne surma, surma läheduse kohta)
susla	endisaegne kitsarööpmelise raudtee rong või vedur
säh	(andmise, pakkumisega kaasnev väljend:) võta! võta vastu!
sähke	(andmise, ulatamise, pakkumisega kaasnev väljend:) võtke (vastu)!
sünt	klaverit meenutav elektrooniline muusikariist, mis tekitab ja töötleb helisid
süümekas	suur hingeline kannatus omaenese (halbade) tegude ja teistele põhjustatad kahju pärast, südametunnistuse piin
süütis	süüde, tulehakatis
tagument	istmik, tagumik
taguots	tagumik, istmik
tagupool	"kehaosa, millel istutakse	 see osa kehast, mille peal sa istud"
takkajärele	"millegi toimumisest hiljem, mingi aja järel	 millegi toimumisest hiljem, pärastpoole, teatud aja järel"
takkatraavi	muule lisaks, ka veel
tankist	isik, kelle nime all tegutseb keegi teine
tatikas	(lapse, liiga noore inimese kohta, ka halvustavalt või sõimusõnana)
tatitõbi	(nohu kohta)
tattnina	(lapse, liiga noore inimese kohta, ka halvustavalt või sõimusõnana)
teisesooihar	inimene, kes tunneb seksuaalset ja emotsionaalset tõmmet teisest soost inimese vastu
teisesooihar	teisest soost inimese vastu seksuaalset ja emotsionaalset tõmmet tundev
tengelpung	"väike kott raha hoidmiseks ja kaasaskandmiseks	 väike kott raha jaoks"
tips	tütarlaps, neiu
tipsi	tütarlaps, neiu
tissitama	last rinnaga toitma
tohm	rumal, ohmakas, loll
tohmakas	rumal, ohmakas, loll
tohter	"arst (kasutatakse sageli arsti perekonnanime ees)	 inimene, kelle töö on haigeid ravida	 kõrgema meditsiinilise haridusega inimene, kellele on antud õigus haigeid uurida ja ravi määrata"
tolk	aru, mõistus, taip(amine)
topka	"viina- vms pits	 väike napsiklaas, (viina)pits"
toto	kihlveokassa (nt hobuste võiduajamistel)
totu	(hrl heatahtlikult:) rumal, taipamatu
transa	transportimine, vedu
transa	transporditööline
trukk	"hoog	 rõhk, surve"
trööpama	ohtralt kasutama, selle tõttu (ära) kulutama või rikkuma
tsiviil	erariie (hrl vastanduses sõjaväevormile)
tudeerima	uurima, tundma õppima
tudeerima	(kõrgkoolis) õppima
tuksi	korrast ära mineku kohta, nt rikki, katkiseks, haigeks
tuksis	korrast ära, nt rikkis, katki, haige
turva	"inimene, kelle töö on valvata ja kaitsta mingit hoonet, inimest või asutust	 töötaja, kes kaitseb objekte või inimesi, tagab üritustel korda, valvab valveseadmestiku üle vm"
täkutama	käivitusjuhtmete abil teiselt akult autot käivitama
uimama	(uimasena) aeglaselt liikuma või tegutsema
umbluu	"(millegi või kellegi ebateaduslikuks või muidu kahtlaseks peetava kohta, hrl seoses mitmesuguste pseudoteadustega, para- ja alternatiivõpetustega)	 segane, mitte tõsiselt võetav jutt, jama, totrus"
vaikelu	vaikne ja rahulik, oluliste sündmusteta ja tegevuseta olek
vanakas	(likööri Vana Tallinn kohta)
veering	raha, eriti väiksem rahasumma
vereproov	analüüsimiseks soonest eraldatud veri
vesistama	"kui sa nutad, siis voolavad su silmadest pisarad, sest sa oled kurb või sul on valus	 kurbust, muret, valu vm pisaratega väljendama"
võmm	"inimene, kes töötab politseis	 politseiasutuses töötav isik"
võrr	väikesemahulise mootoriga kaherattaline sõiduk, abimootoriga jalgratas
õudselt	väga, äärmiselt
äpu	inimene, kelle käes kõik äpardub, saamatu inimene
ärikas	vaheltkasu teenimisega tegeleja, hrl ebaseadusliku äriga tegeleja
üle soolama	liialdama, üle pakkuma
aastanumber	kalendriaastat märkiv arv
ahnepäits	ahne loom või inimene
ainsam	"ainult üks	 selline, mida või keda on ainult üks"
ainumalt	ainult, üksnes
ajutu	totter, ogar, napakas
ajuvaba	totter, ogar, napakas
akuraat	(pedantselt) korralik või korras, nõudeid järgiv või nõuetele täpselt vastav
akuraatne	(pedantselt) korralik või korras, nõudeid järgiv või nõuetele täpselt vastav
alko	"joogid, mis sisaldavad alkoholi, näiteks viin, õlu ja vein	 joovastava toimega jook (nt vein, õlu, viin), mille kangus tuleneb joogis sisalduvast etanooli hulgast"
alla jätma	hinda alandama, odavamalt müüma kui esialgu küsitud
alt minema	"mingis toimingus, otsuses eksima	 petta saama"
alt tõmbama	kedagi petma, tüssama
alukad	"(lühikesed) püksid, mida inimene kannab teiste riiete all	 pesuese, mida kantakse vastu ihu alakeha katteks"
amort	löökide, tõugete ja vibratsiooni mõju leevendav seadis
amps	(hammustatud) suutäis
apetiit	soov, tahtmine süüa
aplodisment	"pihkude plaksu(de)ga kokkulöömine heakskiidu- või poolehoiuavaldusena	 selle heli"
aps	eksitus, viga, eksimus
apsakas	eksitus, viga, eksimus
arapp	mingi maa-ala sissepiiramine ja läbiotsimine jälitatava(te) tabamiseks
arstitäht	"arsti (kirjalik) ettekirjutus, mille alusel patsiendile väljastatakse apteegist sobiv ravim	 see, mille alusel saab apteegist teatud ravimeid osta"
asjaline	"asjamees, (tähtis) tegelane	 see, kes asju ajab või korraldab"
asjalugu	asjade seis või käik, olukord teatud hetkel
asjamees	(tähtis) ametimees, (tähtsalt) milleski osalev inimene
atskoo	kaardimäng, kus võidab see mängija, kelle kaartide punktisumma on kõige suurem, aga ei ületa 21
augutäide	see, mis või kes mingit lünka, tühikut täidab
autolammutus	töökoda, kus lammutatakse autosid ja kaubeldakse nende töökõlblike osadega
baarman	"baaris hrl baarileti taga külastajaid teenindav kelner	 inimene, kelle töö on baaris leti taga külastajaid teenindada"
bakid	ainult kõrvade ette ribana kasvatatud habe
banaanivabariik	väike, hrl ühele (kitsale) valdkonnale keskendunud maa, mis on seetõttu majanduslikult ja poliitiliselt ebakindel
bardakk	kindla, ettenähtud korra puudumine millegi toimimises (nt asutuses, süsteemis)
beib	välimusele suurt rõhku panev, hrl efektne, silmahakkav tüdruk või noor naine
beibe	välimusele suurt rõhku panev, hrl efektne, silmahakkav tüdruk või noor naine
bemar	üks Bayerische Motoren Werke AG automarke
bemm	üks Bayerische Motoren Werke AG automarke
bläkk	piinlik tegu või olukord
bolonka	Lõuna-Itaaliast pärit väike valge karvaga koer, üks koeratõuge
boss	peremees, juht, ülemus
bronn	"hotellikoha, pileti vm tagamine, eelnevalt kinnipanek	 seda tõendav dokument"
bronnima	"(kohta, ruumi, pileteid vm) ette tellima või kinni panema, millegi saamist tagama	 midagi enda jaoks kinni panema, näiteks tuba hotellis, kohti või ruumi restoranis"
bukahoolik	inimene, kes kirglikult armastab raamatuid, on nendest sõltuvuses
burks	"kahe poolega kukkel, mille vahel on liha ja muud lisandid	 toit, kus kahe saia vahel on näiteks soe kotlet, juust, tomat, hapukurk ja salat koos kastmega"
bänner	pikk kitsas kujundatud reklaamtekst (nt veebilehel)
dalmaatslane	mänguhimuline koer, kellel on iseloomulik valge tumedate tähnidega sile karv
diil	"rahaline, äriga seotud toiming või kokkulepe	 toiming või seotud toimingute kogum, milles sisaldub vähemalt üks õiguslikku tagajärge kaasa toov tahteavaldus"
diip	tunnetuse poolest sügav ja mõttetihe
dino	suur sisalikulaadne ürgaja roomaja
disklahv	keeld mingi aja jooksul spordivõistlustel osaleda
dokk	dokumentaalfilm või -sari
drinkima	alkoholi jooma
dubljonka	pööratud lambanahkne (pool)kasukas
ebaklapp	ebakõla, sobimatus
ehitusmees	ehitaja, ehitustööline
ekreiit	Eesti Konservatiivse Rahvaerakonna (EKRE) liige
eks	endine abikaasa või elukaaslane
eksmatt	kustutamine üliõpilaste nimekirjast enne ülikooli lõpetamist
ekstreem	põnevust, pinget, erutust pakkuv olukord
elektrikontakt	paikne seadis, millesse torgatakse pistik, et elektririistu vooluvõrku ühendada
eputrilla	edvistav, eputav inimene
eraots	rahateenimiseks tehtav (eraviisiline) kõrvaltöö
ersats	mittetäisväärtuslik, järeletehtud aine, ese vm, alaväärtuslik aseaine
etem	"omaduste, kvaliteedi poolest suuremal määral hea	 omaduste, võimete, seisundi vm poolest millestki või kellestki rohkem väärt olev"
ets kae	väljendab imestust, üllatust, vahel ka pahameelt
etsa kae	väljendab imestust, üllatust, vahel ka pahameelt
eur	"Euroopa Liidu rahaühik. Ühes euros on 100 senti	 Euroopa Liidu suurem rahaühik, Euroopa ühisraha"
exclusive	eksklusiivne, teistest eristuv
fanatt	mingi tegevusala, valdkonna kirglik harrastaja või huviline
flaier	kontserdile või muule üritusele kutsuv reklaamleht
friik	"millegi liialdatud pooldaja või millestki eriti huvitatud isik, vahel kuni veidruseni	 veidrik"
funk	1920. aastail tekkinud arhitektuuri, tarbe- ja tööstuskunsti suund, mis ehitiste, esemete vms vormi kujundamisel lähtub eeskätt nende otstarbest ehk funktsioonist, mitte niivõrd esteetilisest küljest
funkama	(esemete, nähtuste kohta:) tegevuses või töökorras olema, (kindla ülesandega) töötama, (teatavas rollis) toimima
funktsima	(esemete, nähtuste kohta:) tegevuses või töökorras olema, (kindla ülesandega) töötama, (teatavas rollis) toimima
geps	seade, mis võimaldab üle maailma määrata asukohta kogu maailma hõlmava tehiskaaslaste võrgu abil
haip	ülespuhutud reklaam, ülepakutud vaimustus
haipima	innukalt midagi esile tõstma, midagi kiitma, et tähelepanu saada
hall pass	Eesti kodakondsuseta isiku pass Eestis (passi kaanevärvi järgi)
hallukas	tajuelamus või aisting ilma välismaailma reaalse stiimulita, (haiguslik) tajumishäire
hanejalad	jutumärgid
hašš	"eesti tähestiku täht	 täht eesti tähestikus	 vastav häälik"
heureka	hea mõte, avastuslik idee
hiirekäsi	haigusseisund, mis tekib suure närvi pitsumisel randmekanalis ja millele on iseloomulik käe tuimenemine, torked vms
hirmsasti	väga, äärmiselt
hitt	väga menukas laul, film, teatrietendus vms teos
homo	inimene, kes tunneb seksuaalset ja emotsionaalset tõmmet samast soost inimese vastu
hruštšovka	peamiselt 1960. aastatel levinud väikeste korteritega tüüpelamu
hullu	hullupööra, pööraselt
hundituline	"naps viina	 viin"
häbemata	väga suurel määral, hästi palju
häbematane	häbematu
hädapätakas	hädine, saamatu inimene
hääletoru	"(sõnumi edasiandmise abinõu, vahendi kohta)	 kellegi põhimõtteid ning ideid levitav väljaanne, meediakanal, isik vms"
idiootsus	ülim totrus, suur rumalus
igasugu	"igat liiki, igat laadi	 mis tahes, ükskõik milline	 paljudest eri liikidest, iga liiki või laadi	 ükskõik milline"
igatekanti	"igal moel, igas suhtes	 igas suhtes, igas mõttes	 igas suhtes, igas mõttes, igal moel"
igatemoodi	"igal moel, igas suhtes	 igas suhtes, igas mõttes	 igas suhtes, igas mõttes, igal moel"
igateviisi	"igal moel, igas suhtes	 igas suhtes, igas mõttes	 igas suhtes, igas mõttes, igal moel"
ilmatu	väga, määratult
ilmatuma	väga suur
ilmatuma	väga, määratult
ilmvõimatu	täiesti võimatu
ilueedi	edev, ennast imetlev mees, kes oma välimusele suurt rõhku paneb, hrl peenutsedes või liialdades rõivastusega
in	moes, soositud, päevakorral
individuaal	"aiaga maja, kus elab tavaliselt üks pere	 eravalduses olev, hrl ühele perele mõeldud elamu"
inf	"andmed või faktid, mis iseloomustavad mingit nähtust, protsessi, asja vm	 andmed, faktid	 selliste andmete ja teadete edasiandmine"
infra	ühiskonna või ettevõtte tööks vajalikud vahendid, tegevused ja teenused (nt internetiühendus, tänavavõrk, veevarustus)
inimesetükk	(inimese kohta, hrl mingit tema omadust esile tuues)
intensiiv	intensiivravi osakond või palat
inter	kooli ühiselamu
ism	suund, vool, koolkond vms
issameie	ristiusu üks tuntumaid palveid, millel on keskne koht kristlike kirikute liturgias
issanda	täiesti, läbini, üleni
itimees	inimene, kes kavandab, loob, testib, juurutab ja haldab tarkvaralahendusi
jaagup	jaagupipäev
jaan	jaanipäev (24. juuni), ka selle lähedased päevad
jahmerdama	ebaolulisega, kõrvalisega tegelema, segadust tekitades tegutsema
jahuma	millestki tüütuseni palju rääkima
jahupea	(kergesti unustava või taipamatu, juhmi inimese kohta)
jalakeerutus	tants
jalka	"sportlik mäng, kus üks võistkond püüab palli jalaga teise võistkonna väravasse lüüa	 sportmäng, milles kumbki meeskond püüab palli jalaga (või peaga) lüües vastaspoole väravasse saata"
japs	(jaapanlase kohta)
jeerum	(esineb tunderõhulistes hüüatustes, väljendab ehmatust, imestust, üllatust, hädaldust vm)
jeever	(esineb tunderõhulistes hüüatustes, väljendab ehmatust, imestust, üllatust, hädaldust vm)
jessake	(esineb tunderõhulistes hüüatustes, väljendab ehmatust, imestust, üllatust, hädaldust vm)
jessas	(esineb tunderõhulistes hüüatustes, väljendab ehmatust, imestust, üllatust, hädaldust vm)
jesseke	(esineb tunderõhulistes hüüatustes, väljendab ehmatust, imestust, üllatust, hädaldust vm)
jesses	(esineb tunderõhulistes hüüatustes, väljendab ehmatust, imestust, üllatust, hädaldust vm)
jessuke	(esineb tunderõhulistes hüüatustes, väljendab ehmatust, imestust, üllatust, hädaldust vm)
jestas	(esineb tunderõhulistes hüüatustes, väljendab ehmatust, imestust, üllatust, hädaldust vm)
joba	jabur jutt, loba, lora
jobama	jamajuttu rääkima
jobi	lühiajaline, juhuslikum töö(võimalus)
jobin	lobajutt
jobisema	"lobisema, lobajuttu ajama	 omaette pomisema"
jobu	tobu, lollakas
jobujutt	rumal, tühine jutt
jobusk	tobu, lollakas
johmane	"alkoholist uimane	 joobnud"
jokk	läbi, otsas, valmis
jokutama	niisama vahtima, mõttetult logelema, aega viitma
joomakõri	"inimene, kes joob liiga palju alkoholi ja on sellest sõltuvuses	 inimene, kes ülemäära tarvitab alkohoolseid jooke, on alkoholist sõltuvuses"
joomamees	joodik, napsimees
jopastama	hästi minema, juhuslikult vedama, õnnestuma
jora	tüütav, rumal jutt, sisutu loba
jospel	(kogenematu noormehe, poisinolgi, jõmpsika kohta)
jota	alkoholi armastav inimene, kõva viinavõtja, joodik
jube	väga, äärmiselt
jubin	mingi väike hrl uudne asi või detail, mingi masinavärgi osa, (naljakas) asjake või seade
jublakas	mingi väike hrl uudne asi või detail, mingi masinavärgi osa, (naljakas) asjake või seade
julgustükk	julgust nõudev tegu
jumala	täiesti, läbini, üleni
jumbu	väike (vahva, tore) poiss, poisike või poisiohtu nooruk
junts	väike (vahva, tore) poiss, poisike või poisiohtu nooruk
juntsu	väike (vahva, tore) poiss, poisike või poisiohtu nooruk
jupstükk	mingi väike hrl uudne asi või detail, mingi masinavärgi osa, (naljakas) asjake või seade
jura	rumal, mõttetu, sihita tegu, jutt vms
justament	(rõhutab, tõstab esile, kinnitab midagi:) just, nimelt, täpselt, just nii
jutilt	ühe hooga, ilma katkestamata
jutumoor	palju rääkida armastav naine, kuulujuttude levitaja
jututama	juttu ajama, vestlema
juudikirss	harilik füüsal, troopiline või lähistroopiline rohttaim, millel on laternat meenutava kattega kirsstomatit meenutavad viljad, Eestis ka ilutaim
jõle	väga, eriti, hiiglama
jõletu	väga, eriti, hiiglama
jõlkuma	kuskil ilma kindla sihita viibima või liikuma, niisama logelema
jõrm	(karmi, tahumatu vms inimese kohta)
jõujuurikas	tugev rässakas inimene (hrl mees)
jäärama	naistekütina elama, ringi tõmbama
kaak	pahandusi tegev, huligaanse käitumisega (noor) inimene
kaameramees	"filmi-, teleoperaator	 filmimaterjali ülesvõtja, filmiteose pildilahenduse looja"
kaater	joobejärgne haiglane seisund
kaema	vaatama
kagebiit	NSV Liidu Riikliku Julgeoleku Komitee (KGB) töötaja
kahemees	õpilane, kelle hinded on koolis põhiliselt kahed, kehv õpilane
kahvanägu	valge inimene (varem hrl vastandatult indiaanlasele ehk punanahale, nüüd ka muile)
kaifima	nautima
kainer	"asutus, kuhu joobnud tuuakse kainenema	 vastav hoone või ruumid"
kaisukas	pehme mänguloom (hrl antakse väikelapsele õhtul voodisse kaasa)
kaka	roe, väljaheide
kaki	roe, väljaheide
kaksama	järsku, ühe korraga (katki, küljest, lahti) rebima, äkki tõmbama
kalavinski	"kalamehesaabas	 omaaegne (kollasest või kollakaspruunist juhtnahast) säärsaabas"
kalkar	närustes riietes, hrl allakäinud, saamatu või muidu alavääristatav inimene
kama	mitmesugused esemed, kaup või kraam
kambakas	kambakesi kallaleminek
kamorka	väike, kitsas (ja pime) ruum
kamp	(väiksem, kahtlustäratav) rühm koos viibivaid või üheskoos, ühel alal tegutsevaid inimesi
kamps	"soe pikkade varrukatega riideese, mis katab keha ülemist poolt	 varrukatega, üle pea selga tõmmatav või eest lahti käiv silmkoeese"
kampsik	"soe pikkade varrukatega riideese, mis katab keha ülemist poolt	 varrukatega, üle pea selga tõmmatav või eest lahti käiv silmkoeese"
kann	üks kahest ümarast pehmest kehaosast, mis moodustavad tagumiku
kannäe	väljendab imestust, üllatust, vahel ka pahameelt
kantpea	hrl siilisoenguga või paljaks pöetud peaga turske tüüp (hrl kuritegeliku taustaga)
kantseleirott	kantseleiametnik
kanäe	väljendab imestust, üllatust, vahel ka pahameelt
kapakali	kodus valmistatud õlu
kaperdama	vaevaliselt, komistades, aeglaselt käima
kapremont	hoonete, masinate või seadmete põhjalik parandamine, uuendamine või (täielik) ümberehitamine
kapsastuma	kasutamisest katkiseks, räbaldunuks, narmendavaks muutuma
kaputt	"katki, mokas	 omadega läbi"
karauulima	"luurama, passima	 valvama, vahti pidama"
karauulitama	"luurama, passima	 valvama, vahti pidama"
karbuss	sisepõlemismootori osa, kus moodustub küttesegu vedelkütusest ja õhust
karjanaine	naine, kelle töö on laudas veiste eest hoolitseda
karman	"riideeseme osa, mille sisse saab asju panna	 rõiva või muu eseme peale või sisse õmmeldud detail, kuhu saab panna asju"
karts	ruum, hrl üksikkong distsiplinaarkaristuse kandmiseks (eriti omal ajal sõjaväes, vanglates, ülikoolides)
karuott	"põhjapoolkera suurtes metsades elav kogukas pruuni karvkattega kiskja	 suur metsloom, kellel on paks pruun karv"
karuperse	kauge, unustatud, ligipääsmatu vms paik, kolgas
karvamari	(nais)juuksur, juukselõikaja
kasima	(hrl järsult käskides:) (ära) minema, lahkuma
kassatükk	menukas, rohket tulu andev film või lavateos
kassilaud	(suurest, peamisest peolauast eraldi asetseva väiksema peolaua kohta)
kastikas	"kastiga sõiduauto-väikeveok	 kastiga veoauto"
katjuuša	1941. aastal kasutusele võetud Nõukogude mitmelasuline raketiheitja BM-14 Katjuša
kekkama	millestki uhkeldades rääkima, ennast sel viisil tähtsaks tegema või tähelepanu püüdma
kekutama	tähelepanu ja imetlust äratada püüdma (eriti välimuse või käitumisega)
kellad ja viled	virtuaalsed ja mittevirtuaalsed lisavidinad ja heliefektid, mida pole asja toimimiseks otseselt vaja, aga mis lisavad atraktiivsust
kellama	"kuulujutte levitama	 millestki kõigile kuulutama"
kellavärk	kellamehhanism (hrl millegi toimimise või toimumise suurele täpsusele osutavalt)
kemps	ehitis või ruum urineerimiseks ja roojamiseks
keppima	seksima, suguakti sooritama (sihilisena hrl mehe vastava tegevuse kohta)
kesse	kes (see)
kiibitsema	teiste tegevust kõrvalt huvitatult pealt vaatama ja tarkust jagama või järele tegema kippuma
kiin	suur kärbselaadne kahetiivaline putukas, kelle vaglad elavad parasiitidena teistes loomades
kiki	kiilukujuliselt risti seatud või lehviks seotud kaelaside
kilekas	kilejopp või kileülikond
kilt	"pikkuse mõõtühik. Ühes kilomeetris on 1000 meetrit	 tee pikkuse ühik, 1000 meetrit"
kimama	"suure hooga, väga kiiresti liikuma, nt sõitma või jooksma	 väga kiiresti sõitma või jooksma"
kirvereegel	lihtsustatud üldjooneline seaduspära, põhimõte või juhis
kisma	(käsitsi) kaklemine või kellegagi tülitsemine
kituma	kellegi peale kaebama
kiusupunn	kiusaja, kiuslik inimene (või loom)
klade	paks vihik
klanima	nuruma, lunima, mangudes paluma
klantsima	"hoolitsusest, puhtusest särama	 läikima panema, kauniks tegema"
klapitama	millegagi vastavusse, kooskõlla viima, mingeid asjaolusid arvestades sobima panema
klapp	(kokku)sobimine, kooskõla
klattima	selgitama, korda ajama, (ära) klaarima
kliistripühad	endisaegne ruumide puhastamiseks ja akende kleepimiseks ettenähtud õppetöövaheaeg oktoobri lõpul
klikiaeg	(Eesti aja kohta, Nõukogude ideoloogia kohaselt halvustavana)
klobima	peksma, taguma
klopper	kloppimisvahend
klunker	oleng, pidu
klunn	väike (vahva, tore) poiss, poisike või poisiohtu nooruk
klutt	väike (vahva, tore) poiss, poisike või poisiohtu nooruk
klõpats	väike klõpsuv, kerge plaksuga kokku käiv ese
knihv	kaval võte, nõks, trikk
kobakäpp	"inimene, kes on kohmakas ja saamatu või kehvade oskustega	 saamatu inimene"
kobarkäkk	täiesti ebaõnnestunud asi või ettevõtmine, mille luhtumise on põhjustanud mitmed tehtud vead
kodukas	"firma, asutuse või eraisiku põhiliste andmetega lehekülg internetis	 firma, asutuse või eraisiku veebileht, kus asuvad põhiandmed ja -lingid"
koeraamet	(mittetänuväärse ameti kohta)
koeraelu	vilets, raske elu
koerapõli	vilets, raske elu
koguaeg	"alati, igal ajal	 alati, pidevalt	 väga tihti, pidevalt"
kohmard	kohmakas, saamatu inimene
kohmerdama	aeglaselt, kohmitsedes või koperdades midagi toimetama
kohmerdis	kohmitseja
koiku	lihtne (sageli kehvavõitu) voodi või muu magamisase
kokkama	toitu valmistama, süüa tegema
koks	"külm jook, mis segatakse kokku mitmest eri joogist, sageli alkoholiga	 mitme joogi segamisel saadud külm alkohoolne või alkoholita jook"
kole	väga, äärmiselt
kolge	väga pikk, vibalik, nurgeline inimene (sagedamini mehe kohta)
kollanokk	kogemusteta noor inimene (hrl nooruk) või algaja mingil alal (ka halvustavalt)
kolmemees	õpilane, kelle hinded koolis on põhiliselt kolmed, keskpärane õpilane
kolu	(inimese pea kohta)
kombekas	ühes tükis töö-, spordi- või lasterõivas
kombi	pika kerega ruumikas, hrl kolme istmereaga sõiduauto, kus istmete kõrvaldamisega on võimalik moodustada mahukas pakiruum
kombiauto	pika kerega ruumikas, hrl kolme istmereaga sõiduauto, kus istmete kõrvaldamisega on võimalik moodustada mahukas pakiruum
kombo	teataval viisil koos esinevate sümbolite, nähtuste, esemete vm elementide korrastatud rühm
komet	jant, tembutamine
komm	"arvamusavaldus mingi sündmuse, kellegi sõnavõtu vms kohta	 selgitav, täiendav või arvustav märkus mingi teksti kohta	 selgitus või hinnangut andev märkus"
kommar	"kommunismi pooldaja	 kommunistliku partei liige"
kommima	"millegi kohta selgitusi esitama või arvamust avaldama	 mingi sündmuse, teksti vm kohta selgitavaid, täiendavaid või arvustavaid märkusi tegema, oma arvamust avaldama"
kommionu	(seksuaalselt) ohtlik lastemeelitaja
kommu	"kommunismi pooldaja	 kommunistliku partei liige"
kommunaalid	rahasumma, mis makstakse eluaseme vm hoone kütte, vee, prügiveo, elektri vm kommunaalteenuste eest
komnoor	(Nõukogude ajal:) kommunistliku noorsooühingu liige, kommunistlik noor
kompra	kompromiteerivad materjalid, mida kellegi kohta kogutakse
kompunnima	kombineerima
kondiaur	(naljatamisi lihasejõu, füüsilise pingutuse kohta)
konku	väike, kitsas (ja pime) ruum
kontorirott	kantseleiametnik
kontra	vastandatuna
kontraht	"dokument, mis määrab isikute, asutuste vm vahelise kokkuleppe osaliste kohustused ja õigused	 dokument, mis määrab õigused ja kohustused osaliste vahel, kes sõlmivad mingi kokkuleppe"
koobard	viletsas seisus, vaevaliselt liikuv inimene
koolema	"elus olemast lakkama	 kui keegi sureb, siis ta elu lõpeb"
kooliplika	kooliealine, koolis käiv tütarlaps
koolitükk	"koolist koduülesandeks antu	 see, mis koolis koduseks ülesandeks antakse"
koolma	"elus olemast lakkama	 kui keegi sureb, siis ta elu lõpeb"
koolmeisterdama	õpetajaametit pidama
koonukas	Eestis aastatel 1991–2002 tegutsenud Eesti Koonderakonna liige
koosa	(naha peale andmise, peksasaamise vms kohta)
kopeer	ühelt küljelt tumeda pigmendiseguga kaetud õhuke paber ärakirja tegemiseks
koperdis	aeglane või saamatu inimene
koputaja	inimene, kes teis(t)e peale kaebab või teise(d) üles annab
korp	kinnine üliõpilasorganisatsioon, mille liige hrl kannab eraldusvärvidega mütsi ja rinnapaela
korralt	otsekohe, jalamaid, korrapealt
koslep	(peksaandmise või -saamise, karistamise kohta)
koss	"sportlik mäng, kus üks võistkond püüab palli teise võistkonna korvi visata	 sportmäng, milles kumbki meeskond püüab palli vastaspoole korvi visata"
kosu	miski vilets, vana, lagunenud
kraade	ülbe käitumisega (linna)nooruk
kreissaag	kettakujulise lõiketeraga saag
kriipsupealt	väga täpselt, täpipealt
kriksadull	keerdudega, raskesti väljaloetav tähekuju
kriksatrull	keerdudega, raskesti väljaloetav tähekuju
krill	vihavimm, jonn, jonniajamine
krillima	kiusu, jonni ajama, pahuksis olema
kriminaal	(kriminaal)kurjategija, ka muu kohtulikult karistatu
kriminull	kriminaaljutt, -romaan või -film
kroks	"sarv- ja luukilbistega kaetud kehaga suur sisalikukujuline troopika ja lähistroopika mageveekogude ja soode roomaja	 soojade maade loom, kellel on teravate hammastega suur suu ja pikk saba"
kroku	"sarv- ja luukilbistega kaetud kehaga suur sisalikukujuline troopika ja lähistroopika mageveekogude ja soode roomaja	 soojade maade loom, kellel on teravate hammastega suur suu ja pikk saba"
kronks	(kõhna, kuivetu vanainimese, hrl naisterahva kohta)
krous	peen mahapressimata volt (hrl rõiva avardamiseks või kaunistamiseks)
krousima	"kangasse, riideesemesse (peeni) mahapressimata volte, krookeid tegema	 kangast sel viisil kokku tõmbama"
krusa	"kaupa, ehitusmaterjali vm mahukaid asju vedav suur auto	 suur auto, millega saab raskeid asju vedada"
kruss	kähar, lokkis juuksesalk vms
krutstükk	vallatu, kelmikas või (veidi) üleannetu tegu
kruttima	"nuppu, kruvi vms keerama	 seda keerates midagi reguleerima, paika seadma"
kruusakas	kruusateel sõitmiseks mõeldud rehv
krõbi	vana (jõuetu) inimene
krööm	väike hulk, vähene määr
kröömike	väike hulk, vähene määr
kröömikene	väike hulk, vähene määr
kröönima	raha kokku hoidma, rahaga koonerdama
kuda	"esineb millegi toimumise viisi, olukorra vms täpsustamisel otseses või kaudselt väljendatud küsimuses ning täpsustava lauseosa alguses	 mis moel, mis viisil"
kuidamoodi	"(viisile, olukorrale vms osutavalt:) kuidas	 kuidas"
kuidaviisi	"(viisile, olukorrale vms osutavalt:) kuidas	 kuidas"
kuivamaarott	(maismaal töötava inimese, kuivamaamehe kohta)
kulka	kultuurkapital
kulku	(väike) viinapudel
kullaauk	(rohket tulu või suurt edu pakkuva ettevõtmise, hea tuluallika kohta)
kunde	"klient	 sagedane või järjekindel ostja või tellija teatud ärist või teatud isikult"
kuraasitama	kuraasikalt, uhkeldavalt hooplema
kuraditosin	kolmteist
kuram	leebe kirumissõna, mida kasutatakse millegi või kellegi üle pahandades, midagi taunides, harvemini imestuse või üllatuse korral
kuramus	leebe kirumissõna, mida kasutatakse millegi või kellegi üle pahandades, midagi taunides, harvemini imestuse või üllatuse korral
kurask	leebe kirumissõna, mida kasutatakse millegi või kellegi üle pahandades, midagi taunides, harvemini imestuse või üllatuse korral
kuresaapad	päikesest, tuulest ja veest pragunenud ja parkunud jalanahk
kurikael	pätt, suli, kurjategija
kuripatt	leebe kirumissõna, mida kasutatakse kedagi või midagi sarjates
kursa	"(aastane) õppimise periood kõrgkoolis	 kõrgkooli või kutsekooli hrl aastase programmiga õppeaste	 samal aastal õppimist alustanud õppijad"
kuts	koer, ka meelitussõnana
kutsa	koer, ka meelitussõnana
kutt	(noormehe, poisi kohta:) poiss, semu, vend, sell
kuubikuline	(mootori silindrimahu kohta:) kuupsentimeetrine
kuvalda	suur raske vasar, mida kasutatakse hrl millegi lammutamiseks või lõhkumiseks
kõbi	vana inimene (sagedamini mees)
kõiksugu	"igat liiki, igat laadi	 mis tahes, ükskõik milline	 paljudest eri liikidest, iga liiki või laadi	 ükskõik milline"
kõlisev	(raha, eriti müntide kohta)
kõmmima	tumedalt kõlavaid lööke, hoope andma, taguma
kõmmutama	pauke tekitades midagi tegema, nt tulistama, rakette laskma, midagi suure hooga kuskile vastu lööma
kõnetraat	"seade, mille abil saab rääkida kellegagi, kes on teises kohas	 telefonikõnede edastamiseks ja vastuvõtmiseks kasutatav seade"
kõrilõikaja	see, kes röövib teisi, tapab kellegi ära või tegeleb väljapressimise ja liigkasuvõtmisega
kõriorel	(lauluhääle kohta)
kõrrekas	jook, mille pakendile on kinnitatud joogikõrs
kõverkael	(hrl halvustavalt kõvera kaelaga inimese kohta)
käbarad	käed
kähkukas	kiire seksuaalvahekord
kähmakas	(väikesekasvulise inimese kohta)
kännuseen	kändudel kasvavate hrl söödavate seente (nt kännumampli, külmaseene, kollanuti) rahvapärane nimetus
käperdis	"inimene, kes on kohmakas ja saamatu või kehvade oskustega	 saamatu inimene"
käppima	käega võtma või puudutama, käega katsuma (hrl olukorras, kus seda pahaks pannakse)
kärblane	"teatud liiki väike putukas, kellel on kaks tiiba	 väike kahetiivaline (parasiit)putukas"
kätš	"käsitsi kaklemine või lööming	 äge sõnavahetus"
köbi	vana inimene (sagedamini mees)
köntjalg	lonkav, vigase jalaga inimene või loom
kööberdama	viletsalt, vaevaliselt liikuma
kööga	(lõplikult) halvasti, ebaõnnestunud, nurjunud või rikutud
köögerdama	viletsalt, vaevaliselt liikuma
köögikata	(toitu valmistava, köögitöid tegeva naise kohta)
köömes	mitte kõneväärt, tühine kogus või asi
köötsima	"kui sa oksendad, siis tuleb toit su kõhust suu kaudu välja	 pooleldi seeditud toitu koos maomahlaga tahtele allumatult suu kaudu välja paiskama"
külaonu	"meessoost külaelanik	 võõras mees"
küljekont	küljeluu, roie
küljesoojendaja	(voodikaaslase, hrl naise kohta)
külmarohi	vahend külmetumise vastu (hrl viin)
kümnekas	kümme eurot, kümneeurone rahatäht (ka muude vääringute kohta)
küüneviha	küünte ja küünealuste mustuse haava sattumisel tekkiv mädanik
laar	(korraga valmis tehtav) suurem kogus (hrl joogi või söögi kohta)
labidamees	labidatöö tegija, hrl kaevaja või labidaga kühveldaja
labrakas	hoogne pidutsemine ja jooming, lõbus oleng
lahtimale	rohkem lahti
laiama	"tähtsat tegelast mängima, uhkeldama, praalima	 üleolevalt käituma, ülbitsema"
laiskliisu	(nõudekuivatusresti kohta)
lakard	"inimene, kes joob liiga palju alkoholi ja on sellest sõltuvuses	 inimene, kes ülemäära tarvitab alkohoolseid jooke, on alkoholist sõltuvuses"
lakekauss	"inimene, kes joob liiga palju alkoholi ja on sellest sõltuvuses	 inimene, kes ülemäära tarvitab alkohoolseid jooke, on alkoholist sõltuvuses"
lakekrants	"inimene, kes joob liiga palju alkoholi ja on sellest sõltuvuses	 inimene, kes ülemäära tarvitab alkohoolseid jooke, on alkoholist sõltuvuses"
lakkekauss	"inimene, kes joob liiga palju alkoholi ja on sellest sõltuvuses	 inimene, kes ülemäära tarvitab alkohoolseid jooke, on alkoholist sõltuvuses"
lakkekrants	"inimene, kes joob liiga palju alkoholi ja on sellest sõltuvuses	 inimene, kes ülemäära tarvitab alkohoolseid jooke, on alkoholist sõltuvuses"
lakku täis	(väga) purjus või (väga) purju
lambapähkel	kuivadel niitudel, metsaservadel ning teede ääres kasvav valgete õitega rohttaim, harilik kivirik
lament	"lärm, (häda)kisa	 mürgel"
larama	lobajuttu ajama, plärama
latatara	sõnaohter, väga jutukas inimene, kes sageli räägib tühjast-tähjast
laubakas	liiklusõnnetus, kus vastassuunas liikuvad sõidukid põrkavad esiotsa pidi kokku (nt möödasõidul)
laudanaine	naine, kelle töö on laudas veiste eest hoolitseda
laurits	10. august, eesti rahvakalendris kristliku märtri püha Laurentiuse tulesurma mälestuspäev
lehemees	(kirjutavas pressis töötav) ajakirjanik
lehmakauplemine	(hrl erakondadevahelise tingimise, kokkulepete otsimise kohta)
lehtsaba	(kerglase naisterahva kohta)
leistang	rõhtne, sarvedega või sirge toru jalgratta või mootorratta juhtimiseks
leivaisa	tööandja vm, kellelt saadakse sissetulekut
lemb	millegi sõber, millegi armastaja
lenkstang	rõhtne, sarvedega või sirge toru jalgratta või mootorratta juhtimiseks
lihtsurelik	(tavalise inimese kohta)
liibukad	liibuvate säärtega püksid, nt retuusid
limps	"magus gaseeritud karastusjook	 magus mullidega jook"
linnumagus	"magus siirupitaoline, seismisel kristalliseeruv (toidu)aine, mida valmistavad mesilased peamiselt õite nektarist	 magus toit, mida valmistavad mesilased"
lobama	hrl tühjast-tähjast ohtrasõnaliselt rääkima
lobistama	lobitööd tegema, seadusandjaid vm otsustajaid mõjutama (oma huvirühmale soodsate otsuste lootuses)
lollimoodi	ülisuurel määral, pööraselt, meeletult
longero	mahla või karastusjoogiga lahjendatud alkohoolne jook
luhvtivend	kerglane, loru inimene
luks	suure mugavuse, elegantsi, toreduse ja hrl kallihinnalisusega iseloomustatav
lõuapoolik	hea jutuandega inimene, hea jutu- ja naljamees
lõõtsmoonik	lõõtsast, metallkeeltest ning nuppudest (või nuppudest ja klahvidest) koosnev muusikariist, eriti selle lihtsam vorm
läpakas	"kaasaskantav oma toitega arvuti	 väike arvuti, mida saab endaga kaasas kanda"
löömamees	(suure kakleja kohta)
maadam	"(endisajal:) kõrgemast soost või kõrgemal positsioonil olev abielus naine alamalolijate suhtes	 (mõnikord irooniliselt või halvustavalt:) peenema olekuga (jõukam) naine"
maailm	väga palju, küll ja küll
maakas	maal elav (ja maatööd tegev) inimene
maalerdama	pintseldama, (maalrina) värvima
mahtra	äge tegevus (vaidlus, lööming vms)
maika	varrukateta kerge pluusike, topp või alussärk
mammapoeg	iseseisvusetu, saamatu, hellitatud laps, eriti poisi, aga ka mehe kohta
mammon	vara, rikkus, raha
mamps	"naine, kellel on laps või lapsed	 naissoost vanem, naine oma lapse või laste suhtes"
man	juures
mann	tüdruk, (noorepoolne) naisterahvas
mant	juurest
manu	juurde
maratoonar	pikamaajooksus, maratonis võistleja
maru	(väga) tore, vahva, hea
masinist	mootorsõidukit juhtiv või sõiduki mootorit hooldav isik (nt kombainer, traktorist)
masu	majanduse pikaajaline pidurdumine, millega kaasneb suur tööpuudus, inflatsioon ja pankrotilaine
masuurikas	suli kommetega, üleannetu, korraldustele allumatu inimene või loom
matakas	hoop, löök, mats
matimees	maadlusega tegelev sportlane
matsalka	"(kiulisest materjalist) pesemis- või küürimisvahend	 pehmest materjalist vahend, millega saab enda keha pesta"
meeletu	väga, määratult
mega	"ülimalt suur	 ülivahva"
megane	megabaidine
mehem	mehelikum, rohkem mehe moodi
mehenaine	abielus olev naine
mehka	tore, mõnus, vahva
memmekas	iseseisvusetu, saamatu, hellitatud laps, eriti poisi, aga ka mehe kohta
memmepoeg	iseseisvusetu, saamatu, hellitatud laps, eriti poisi, aga ka mehe kohta
menss	"naise kehas kord kuus toimuv protsess, mil tupest väljub veri	 suguküpse naise emaka tsükliline vereeritus"
mersu	(automark:) Mercedes
mess	"mobiiltelefonide vahel edastatav tekstisõnum, mis kuvatakse telefoni ekraanil	 selle abil saadetud sõnum	 teenus, millega saadetakse sõnum mobiiltelefonile	 vastav sõnumite edastamise teenus või andmesiderakendus"
messima	lühisõnumit, SMS-i saatma
metsjeesus	(karvakasvanud inimese kohta)
metskapten	endisaegne ilma erihariduseta laevakapten, kellele pädev nõukogu andis laevajuhi tunnistuse kauaaegse avariideta meresõidu eest
metsmees	(tsivilisatsioonist puutumata inimese, metsinimese kohta)
mihuke	missugune, milline
mihukene	missugune, milline
mikker	"helivõnkumist elektrivõnkumiseks muundav seade, mida kasutatakse heli võimendamisel, ülekandmisel või salvestamisel	 seade, mis teeb inimese häält valjemaks, kui ta räägib või laulab"
mikroskeem	väike elektrooniline terviktoode, mis koosneb ühte kesta paigutatud ja väljaviikudega ühendatud ühest või mitmest kiibist (kasutatakse elektronseadmetes)
mikrouun	"elektriga ahi, mis teeb toidu väga kiiresti soojaks	 mikrolainete abil kiiresti ja ühtlaselt (toitu) kuumutav elektriahi"
millaski	millalgi, kunagi
mimm	välimusele suurt rõhku panev, hrl efektne, silmahakkav tüdruk või noor naine
miskipärast	"mingil ebamäärasel, teadmata põhjusel, ei tea miks	 mingil teadmata põhjusel, ei tea miks"
misuke	missugune
misukene	missugune
mitu-setu	(ebamääraselt:) õige mitu
mobla	"telefon, mida saab endaga kaasas kanda	 väike kaasaskantav mobiilsidevõrgus töötav raadiotelefon"
mokalaat	mitme inimese (sisutühi) lobisemine
mokamääre	huulevõie, huulepalsam
moosekant	pillimees, muusik
moosima	"kellelegi midagi head lubama või pakkuma, et ta teeks seda, mida sina soovid	 meeldivate sõnade, lubaduste või mingi nipi abil kedagi mõjutama, et ta käituks või teeks nii, nagu mõjutaja soovib"
motikas	"kahe või kolme rattaga mootorsõiduk, mille mootori töömaht on vähemalt 50 cm3 ja mis liigub kiirusega vähemalt 45 km/h	 mootoriga sõiduk, millel on kaks ratast"
mukk	"nendega jumestamine, meikimine	 näo ilmekamaks, kaunimaks muutmiseks kasutatavad kosmeetikavahendid (nt kreem, puuder, põsepuna)	 spetsiaalsed värvid ja kreemid, mida naised näo peale panevad, et ilusam välja näha"
muljetama	teistele oma muljetest rääkima, muljeid jagama või vahetama
mumm	kimalane, mesilane vm suur karvane putukas
munajoodik	(kellegi kohta, keda ei peeta täiemõõduliseks meheks)
munajooja	(kellegi kohta, keda ei peeta täiemõõduliseks meheks)
mundrimees	vormiriietust kandev isik, hrl politseinik vm ametikohustusi täitev inimene
muri	(musta värvi) õue- või karjakoer
musa	muusika
musimokk	(suudlemiseks sobivate, suudlusi ihkavate huulte kohta)
musitama	"kedagi huultega puudutama näiteks selleks, et näidata armastust, või selleks, et tervitada	 kedagi või midagi huultega puudutama nt armastuse, helluse, austuse märgiks"
muss	muusika
musutama	"kedagi huultega puudutama näiteks selleks, et näidata armastust, või selleks, et tervitada	 kedagi või midagi huultega puudutama nt armastuse, helluse, austuse märgiks"
mutikas	mutter või muu pisidetail
mutsatama	musi andma
mõnna	"heaolu-, rahulolutunnet tekitav, mõnu pakkuv	 kui miski on mõnus, siis sa naudid seda"
mädand	leebe kirumissõna
mäluauk	(teatud ajavahemikul) juhtunu mitte mäletamine, tühik mälestuste ahelas
määratu	väga, määratult
mögama	(halvustavalt:) segast juttu rääkima, jama ajama
möks	(kokku segatud) püdel mass, nt mingi kreem või määre
möksima	"midagi püdelaks massiks kokku segama	 sellega määrima"
mökutama	"aeglaselt, venitades midagi tegema või rääkima	 millegi tegemisega venitama, aega viitma"
mökutis	ettevõtlikkuseta, otsustusvõimetu, saamatu inimene
möla	"sügavama sisuta ohtrasõnaline jutt	 tõele mittevastav jutt"
mölama	(halvustavalt rääkimise või riidlemise kohta)
mölin	(halvustavalt rohkesõnalise, kuid sisutu jutu kohta)
mölisema	(halvustavalt rääkimise või riidlemise kohta)
möllima	"(endast) teada andma	 registreerima, kirja panema"
mömm	vaikne, pealehakkamiseta, saamatu inimene
mööda panema	eksima, valearvestust tegema
na	nii, nõnda, sedavõrd
naakmann	(elav, hakkaja, üleannetu) poiss või nooruk
naaviisi	teisel kombel või viisil, teisiti
nahahoidja	inimene, kes hoiab kõrvale ohust, vastutusest, kohustuste täitmisest vms
naishing	naissoost inimene, naine
nannipunn	nõrk, hädine, arglik inimene
narkar	"inimene, kes on narkootikumidest sõltuvuses	 inimene, kes tarvitab järjekindlalt uimasteid, narkootikume, on nendest sõltuvuses"
narko	"ebaseaduslik aine, mida osa inimesi kasutab selle füüsilise ja vaimse mõju tõttu, näiteks kanep	 sõltuvust tekitav aine või ainete segu, mida kasutatakse hrl illegaalse uimastina (nt kokaiin, heroiin, kanep)"
narkots	"ebaseaduslik aine, mida osa inimesi kasutab selle füüsilise ja vaimse mõju tõttu, näiteks kanep	 sõltuvust tekitav aine või ainete segu, mida kasutatakse hrl illegaalse uimastina (nt kokaiin, heroiin, kanep)"
nats	"mingil määral, vähesel määral	 vähesel määral või hulgal"
nats	vähene hulk või määr
natu-natuke	õige vähe
natu-natukene	õige vähe
neh	(möönva, kinnitava sõnana:) tõepoolest, (seda) küll
nett	"arvutivõrkude vaheline ühendus, mis võimaldab mitut tüüpi sideteenuseid (nt sõnumsidet, failiedastust)	 mis tahes arvutivõrkude üldnimetus	 rahvusvaheline süsteem, mis võimaldab inimestel üle maailma arvuti kaudu infot vahetada"
nett	kena, ilus, nägus
nihu	nii, nagu ei peaks olema või ei tohiks olla, valesti
nihuke	niisugune, seesugune
nihukene	niisugune, seesugune
niipaljuke	(tunderõhulistes väljendites millegi vähese kohta:) sedavõrd vähe või palju
niisuke	ilma otsese osutuseta väljendab kerget nendingut
niisukene	ilma otsese osutuseta väljendab kerget nendingut
niknäk	väikesed toidupalad suupisteks
niksti	kiiresti, kähku
ninamees	eestvedaja, juht
ninaving	"vihavimm või kius	 vingumine, virisemine"
nisuke	ilma otsese osutuseta väljendab kerget nendingut
nisukene	ilma otsese osutuseta väljendab kerget nendingut
njuufa	pikakarvaline, massiivse ja laia keha ning tugevate lihastega koer, keda on kasutatud päästekoerana
noku	poisslapse, mehe suguti
noneh	nojah (kinnitavas või möönvas tähenduses)
noorsand	noormees, noorhärra
noos	(seadusvastaselt) saadud või hangitud kraam, hrl hea, korralik saak
nospel	"näo osa, millega inimesed ja loomad lõhna tunnevad ja hingavad	 suu kohal paiknev väljaulatuv näoosa, mille kaudu toimub hingamine ja haistmine (inimesel ja selgroogsetel loomadel)"
nublakas	mingi väike hrl uudne asi või detail, mingi masinavärgi osa, (naljakas) asjake või seade
nublu	väike (armas) laps
nupumees	(nupuka inimese kohta)
nurgaadvokaat	kutseta advokaat
nõeluss	mürgine madu, Eestis hrl rästik
nõndaks	no nii, niisiis
nõuka	Nõukogude Liidu aegse võimu või ühiskonnaga seotud
nõukaaegne	Nõukogude Liidu võimu aegses Eestis olnud või toimunud, sellega seotud
näituseks	"näitena mitme või paljude hulgast	 näitena mitme või paljude hulgast (ka väljapakutava võimaluse kohta)"
näkk	üks kahest ümarast pehmest kehaosast, mis moodustavad tagumiku
nämm	maitsev, isuäratav
nämma	maitsev, isuäratav
nänn	väikesed (väheväärtuslikud, tarbetud) asjad, nt (reklaamiks jagatavad) meened ja kingitused
näolapike	(näo kohta)
näolapikene	(näo kohta)
näolapp	(näo kohta)
närvipundar	(väga närvilise inimese kohta, ka võrdlustes)
nätakas	"karistusena mõjuv sündmus	 kerge löök, hoop"
nöpsik	keegi või miski väike ja ümar (ning armas, kena)
omasooiharus	seksuaalne ja emotsionaalne tõmme samast soost inimese vastu
onkel	(võõras vanem) mees
onku	(võõras vanem) mees
oober	"(mees)teenindaja, kes kohvikus või restoranis suhtleb klientidega ja toob toidu lauale	 mees, kelle töö on restoranis toite ja jooke lauale tuua"
opp	kirurgiline lõikus, operatsioon
orgunn	korraldamine, organiseerimine
orgunnima	"midagi ette valmistama ja ellu viima	 mingit üritust, tegevust ette valmistama ja teoks tegema"
ornung	kord, korrastatud-olek
oskar	(sea või sealiha kohta)
ossa	(imetlevalt, kahetsevalt, kirudes vms:) oh sa
out	moest väljas, populaarsuse kaotanud, päevakorralt maas
paarisrahvas	koos elavad inimesed
paarutama	kihutama, (ringi) sõitma või käima
padavai	(kiire, hoogsa liikumise, kuhugi minemise kohta:) otsejoones, kiiruga
paganas	leebe kirumissõna, mida kasutatakse millegi või kellegi üle pahandades, midagi taunides, harvemini imestuse või üllatuse korral
pagasnik	"panipaik pakkide hoidmiseks (nt autos, lennukis)	 spetsiaalne koht autos, kuhu saab panna pakid ja kohvrid"
pahv	nii üllatunud või jahmunud, et ei leia sõnu
papi	vanem meesterahvas
papp	sissetulekuna, väljaminekuna vm viisil arvestatud teatav rahasumma
paps	(vanemas või vabamas pruugis:) isa
pardon	"sõna, mida sa kasutad, kui tahad viisakalt midagi küsida või teatada või kui soovid, et keegi sulle midagi andestaks	 viisakussõna, mida kasutatakse viisakal pöördumisel või vabandamisel"
pardonks	"sõna, mida sa kasutad, kui tahad viisakalt midagi küsida või teatada või kui soovid, et keegi sulle midagi andestaks	 viisakussõna, mida kasutatakse viisakal pöördumisel või vabandamisel"
partorg	kommunistliku partei (hrl NLKP) algorganisatsiooni sekretär (oli asutuses või ettevõttes sageli tähtsam tegelane kui direktor)
pasatski	"hulgus, looder	 pätt, suli"
paskaak	pahandusi tegev, huligaanse käitumisega (noor) inimene
pasunakoor	orkester, mis koosneb puu- ja vaskpuhkpilli- ning löökpillimängijatest või ainult vaskpuhkpillimängijatest
patisaks	inimene, kes veedab suvepuhkust (mere)rannas, kuurordis vm puhkekohas
patsaan	(elav, hakkaja, üleannetu) poiss või nooruk
patsahkam	"patakas, hunnik (paberit, rahatähti vms)	 suur hulk"
patseerima	jalutama, uitama (ka loomade kohta)
patsilutikas	pisik, batsill
patšokk	rõiva õlaosa polsterdatud detail, millega õlajoont tõstetakse ja kandilisemaks tehakse
patujutt	"laim, (häbematu) vale või paljusõnaline sisutu jutt	 pahelise sisuga jutt"
paukselt	selsamal hetkel, väga lühikese aja jooksul, aega viitmata
pee	(eufemistlikult:) perse
peedikas	odav (punane) piiritusega kangestatud vein
peedistama	pedantliku käitumise vm tegevusega kiusama või ahistama
peer	(häälekalt) väljuv soolegaas
peetima	pedantliku käitumise vm tegevusega kiusama või ahistama
pehmo	leebe ja järeleandlik, abituna mõjuv, mittekarm inimene, hrl mehe kohta
peigmeespoiss	"abielluda kavatsev (ka kihlatud) mees (eriti oma pruudi suhtes)	 abielluda kavatsev mees	 mees oma pulmas"
peldik	ehitis või ruum urineerimiseks ja roojamiseks
penalt	(jalgpallis:) löök, mille kohtunik määrab vastasvõistkonna kasuks juhul, kui mängija on sooritanud oma võistkonna karistusalas rikkumise, üheteistkümne meetri karistuslöök
peoloom	kõva, väsimatu pidutseja
pepu	tagumik
perekas	"arst, kes ravib lihtsamaid haiguseid ja suunab sind vajadusel edasi konkreetse spetsialisti juurde	 esmatasandi üldarst, kelle poole patsient esimesena pöördub"
perfo	(praeguseks aegunud andmekandja:) kindla kujuga kartongkaart informatsiooni salvestamiseks mulgustamise või sälkamise teel
pergel	leebe kirumissõna, mida kasutatakse millegi või kellegi üle pahandades, midagi taunides, harvemini imestuse või üllatuse korral
persekil	tagumiku peal, istukil
persekile	tagumiku peale, istukile
perseli	tagumiku peale või peal, istuli
pettekas	"(ära)petmine	 miski (tegu, jutt, asi vm), millega kedagi petetakse, üle kavaldatakse"
pihtas	pihta läinud või saanud, tabanud
piimarong	aeglane, kõigis jaamades peatuv rong
piirakas	"hrl peenestatud ja maitsestatud täidisega väike või suur mahlane küpsetis	 tainast küpsetatud toit, mille sisse on pandud näiteks hakkliha või aedvili"
pillima	"kui sa nutad, siis voolavad su silmadest pisarad, sest sa oled kurb või sul on valus	 kurbust, muret, valu vm pisaratega väljendama"
pimeloom	leebe kirumissõna, mida kasutatakse millegi või kellegi üle pahandades, midagi taunides, harvemini imestuse või üllatuse korral
pinks	"erilisel laual reketi ja väikese tselluloidpalliga mängitav sportmäng	 sportlik mäng, mida mängitakse erilisel laual reketi ja väikese palliga"
pinutagune	omakasvatatud, kodusel teel saadud tubakas
pips	"(tehtult) peenutsev	 üleliia nõudlik ja valiv"
piraki	annab edasi järsku tugevat lööki või pauku
pisilane	haigust tekitav mikroob
pitsu	(väike) koer
plaadikeerutaja	inimene, kes valib, miksib ja mängitab tantsuks plaadi- vm salvestatud muusikat
plagama	"kiiresti jooksma	 põgenema, ära jooksma"
plate	plaat
platnoi	elukutseline kriminaalkurjategija, kes vanglas või vangilaagris esindab kriminaalide hierarhia kõrgemat astet
plekimõlkimine	kerge liiklusavarii, kus kannatada saab hrl ainult auto kere
pliks	(noor) tüdruk, tütarlaps
plinder	täbar olukord, häda(olukord)
plitakas	tugev löök, laks
plokkima	teed, läbipääsu, soovimata tegevusi vms tõkestama
plotski	paberiribasse keeratud tubakast omatehtud sigaret
plärakast	"(raadio, televiisori vm heli andva seadme kohta	 varem: reproduktori kohta)"
pläralära	(ohtrasõnaline) sügavama sisuta või rumal jutt
pläraläraleenu	(lobiseja, tühja jutu ajaja, klatšimoori kohta)
pläu	(kõlav) löök, hoop
pläägutama	palju, pikalt-laialt (tühjast-tähjast) rääkima
pogri	vangla, vangikong, arestikamber vm kinnipidamiskoht
pohmakas	joobejärgne haiglane seisund
pohmell	joobejärgne haiglane seisund
point	asja mõte, asja tuum
poisiklunn	väike (vahva, tore) poiss, poisike või poisiohtu nooruk
poisiklutt	väike (vahva, tore) poiss, poisike või poisiohtu nooruk
politruk	"Punaarmee komissar	 Punaarmees poliittööd juhtinud sõjaväelane (ka sõjaväelise auastmena)"
pommima	kelleltki raha, suitsu vm lunima, tüütult, tungivalt küsima
pomo	ülemus, boss
pompoon	"koeranael, mädapaise	 mädapunn"
pontšik	rõngakujuline või ümmargune õlis keedetud pirukas
pontu	koer, ka meelitussõnana
poosetama	eputama, uhkeldama
popitama	(korduvalt) koolist, harvemini mujalt põhjuseta puuduma
porduelu	kõlbeliselt laostunud eluviis, liiderlik elu
porrama	pahuralt või virisedes kõnelema
posu	suurem hulk või kogus
potsik	topsik, purgike või muu (väike) anum
potsku	purk vms anum, hrl pakendina
pott	poti (kaardimast, mille sümboliks on must piigiots)
praavima	(haigusest) paranema
pralle	hoogne pidutsemine ja jooming, lõbus oleng
praska	"meski	 viinasegune koduõlu"
priima	suurepärane, esmaklassiline
priipärast	"niipalju kui tahtmist on, volilt	 tasuta"
priis	"(võistluses, võistlustel) saavutuste eest tunnustuseks antav (mälestus)ese, rahasumma, tunnistus, aumärk vms	 mingi asi, mille saab võistlustel hea tulemuse eest, näiteks diplom, raha, märk või medal"
pritsimaja	spetsiaalne hoone tuletõrjeautode, varustuse ja valvemeeskonna jaoks
pritsimees	"inimene, kelle töö on tulekahjusid kustutada	 spetsiaalse ettevalmistusega isik, kes kustutab tulekahjusid ning teeb tuleohutusalast selgitustööd"
proge	arvutiprogramm
progema	arvuti, arvutisüsteemi või mingi seadme juhtimiseks ja andmete töötluseks käskude järjendeid ehk lähtekoodi kirjutama, testima, siluma ja haldama
prohmakas	"ebaõnnestumine	 ekslik tegu, (suur) viga"
promo	kaupade, teenuste, ürituste või teatud isikute üleskiitmine, väga heana reklaamimine
promoma	kaupadele, teenustele, üritustele või teatud isikutele reklaami tegema, neid väga heana reklaamima
prosta	(täiesti ilma) keerukuseta, (igaühele mõistetavalt) lihtne
prouake	(abielus, peenemat sorti) naine, proua
prouakene	(abielus, peenemat sorti) naine, proua
prunn	lühike jäme puupulk vm vahend, mis sulgeb mingi ava
prügikastiinimene	inimene, kes hangib toitu ja muud vajalikku prügikastist või prügimäelt, prügi sorimisest elatuv inimene
prükkar	inimene, kes hangib toitu ja muud vajalikku prügikastist või prügimäelt, prügi sorimisest elatuv inimene
pubekas	noor inimene, kes on murdeeas, hrl vanuses umbes 10.-11. ja 17. eluaasta vahel
pudrupea	(kergesti unustava või taipamatu, juhmi inimese kohta)
puhta	(rõhutavalt:) täiel määral, kogu ulatuses, viimne kui üks
puhtani	täiesti, läbini, üleni
puhtanisti	täiesti, läbini, üleni
puhvaika	lühem vateeritud ülerõivas (eriti pärast Teist maailmasõda)
pullima	nalja tegema, vempu viskama
pullitama	nalja tegema, vempu viskama
pullivend	"inimene, kes armastab nalja heita ja vigurit teha	 veider tüüp"
pulmapoiss	peiupoiss vm pulmategelane
punanahk	(indiaanlase kohta)
punaseristiauto	kiirabiauto
punkt	täpselt, punktipealt
punnivinn	"korgisse keeratav riist pudelitelt korkide eemaldamiseks	 vahend, mis keeratakse korgi sisse, et see pudelilt eemaldada"
punnu	kõht, kõhuke
punu	(esile ulatuv) kõht
punuma	"joostes põgenema	 kiiresti jooksma"
pupe	"(võrdlustes ilusa välimuse kohta)	 inimese kujuga mänguasi	 selline teatritegemise vahend"
pupujuku	(helliku, saamatu inimese kohta)
pusa	"millegi sassis pundar või korratu kogum, mingi sasine moodustis	 sassis koht juustes või karvades"
puss	vaikselt väljuv soolegaas, vaikne haisev peer
põkats	väike masin (nt traktor)
põlluramm	(looduslik) põlluväetis
põngermann	väike laps, vahel pigemini väikese poisi kohta
põnnama	kartma
põrgujook	(viina, õlle jt alkohoolsete jookide kohta)
põrgukivi	vees lahustuv värvuseta ja lõhnata (tahke) aine, mis on suures kontsentratsioonis söövitav ning mida kasutatakse meditsiinis
põrunu	peast põrunud, poole aruga inimene
põssa	põrsas, siga (ka meelitussõnana)
põuepommar	inimene, kes sooritab terroriakti iseennast teadlikult ohvriks tuues (nt end õhkides)
pärakas	seedekulgla lõppava
pärapõrgu	kolgas, väga kauge (üksildane) koht
päsmer	endisaegne puust või metallist käsikaal, mille ühes otsas on konks kaalutava eseme riputamiseks ning teises otsas raskus
pätajalg	(kohmakalt, taarudes liikuva inimese või looma, eriti karu kohta)
pätsama	näppama, varastama
pöidlaküüt	edasiliikumine juhusliku päriteed sõitva autoga, mis käetõstega peatatud
pürjel	linna või linnvabariigi kodanikkonna vaba täieõiguslik liige keskajast kuni 18.-19. sajandini
pürjermeister	keskajal Saksa õigusega linnades rae vanema liikme või linnapea ametinimetus
raadiomees	raadiojaamas töötav, raadiosaateid tegev inimene (nt raadioreporter, saatejuht)
rajakas	(sõimu- või kirumissõna ebameeldivaks peetava inimese, ka looma kohta)
rammutama	taimedele väetist andma
ratsima	tegevust otstarbekamaks, tõhusamaks muutma, hrl katsetades uusi meetodeid
regama	nime kirja panema (milleski osalemiseks)
reispass	enne teeleasumist, lahkumist võetav naps või reisile kaasa võetud viin (vm alkohoolne jook)
rekka	suur poolhaagisega veok, suur kaubaauto
relakas	elektriline või suruõhutööriist metalli või kivi lõikamiseks, lihvimiseks, lõikeriistade teritamiseks, rooste eemaldamiseks vms
relss	tugev terasest või rauast latt, millel liigub rong, kraana vm raske seade
reo	leebe kirumissõna, mida kasutatakse millegi või kellegi üle pahandades, midagi taunides, harvemini imestuse või üllatuse korral
ribikont	rindkere paariline kaarjas skeletiosa, mis on taga kinnitunud selgroo, ees rinnaku külge
rohitsema	"(pisikuid, umbrohtu) mürgitama, hävitama	 arstima, ravima"
romula	töökoda, kus lammutatakse autosid ja kaubeldakse nende töökõlblike osadega
rops	maost suu kaudu välja paiskunud pooleldi seeditud toidu ja maomahla segu
ropsupealt	selsamal hetkel, väga lühikese aja jooksul, aega viitmata
rumm	puidu mahuühik, mille aluseks on 1 m3 virn või ritta laotud puidu maht koos koore ja õhuvahedega
rusikakangelane	(suure kakleja kohta)
rusikamees	(suure kakleja kohta)
rusikareegel	lihtsustatud üldjooneline seaduspära, põhimõte või juhis
ruulima	teistest üle olema, (kõvasti) parem olema, moes olema
ruutima	(arvutivõrgus:) ruuteri abil infot edastama
sabasseismine	järjekorras seismine
sabatama	järjekorras seisma
sahkermahker	(ebaausa asjaajamise või äritsemise, vassimise kohta)
sakkima	"ebaõnnestuma, läbi kukkuma	 mittesobivaks osutuma"
saks	"metallist pill, mida mängitakse puhudes	 puhkpill, mille heli tekitab huulikule kinnitatud rooglesta võnkumine ja mida kasutatakse hrl soolopillina"
sakumm	napsi kõrvale võetav suupiste
sakuska	napsi kõrvale võetav suupiste
sakusment	napsi kõrvale võetav suupiste
salvokas	endisaegne plastist lastekelk (valmistajatehase Salvo järgi)
samasooiharus	seksuaalne ja emotsionaalne tõmme samast soost inimese vastu
sampus	(šampanja vm vahuveini kohta)
sandikopikas	väga väike rahasumma (nt millegi eest või tasuks)
sansõlm	hügieeniruum, hrl WC ja pesemiskoht
santehnik	torutööde asjatundja, torude valmistamisele ja remondile spetsialiseerunud lukksepp
santehnika	hügieeniruumide varustus (nt segistid, kraanikausid, WC-potid)
sapakas	sõiduauto Zaporožets, Vene-aegne väike auto
sapikas	sõiduauto Zaporožets, Vene-aegne väike auto
seaduseauk	seadusega reguleerimata koht, seaduses puuduv asjaolu
seadusemees	"seaduse esindaja	 seaduste järgija, hrl jurist"
seamoodi	väga (palju), rohkesti, kõvasti
seatemp	inetu, häbematu või alatu tegu või käitumine
seda’p	"just seda	 just seda, nimelt seda"
sedavärki	selletaoline, sedamoodi, sedasorti
seebiseriaal	peamiselt suhteid käsitlev (sentimentaalne, melodramaatiline) televisioonisari, milles on palju tegelasi ja tegevusliine ning mida näidatakse hrl igal argipäeval
seerima	(mingi aja jooksul) siin-seal käima, sõitma vm moel ringi liikuma
seeru	"nooremseersandile järgnev ja vanemseersandile eelnev nooremallohvitseri auaste Eesti jt riikide kaitseväes	 selles auastmes ohvitser"
seesinane	(viitab kellelegi või millelegi:) see
sehkendus	joonistus, pilt
sehvt	tihe, lähedane suhtlemine kellegagi (nt äri ajades või kurameerides)
sehvtitama	kellegagi tihedalt, lähedalt suhtlema (nt äri ajades või kurameerides)
seitel	(pikk kitsas) vahekoht juustes
seivima	(arvutis) salvestama
seljasaun	keretäis, nahatäis
semlak	kellegagi samast kohast pärinev või samas kohas elanud inimene, sõber või muidu tuttav inimene (ka kerge kirumissõnana)
sent	sentimeeter
sess	eksamiteks määratud ajavahemik hrl kõrgkoolis
shopping	kauplusi mööda ringi käimine, neis sisseostude tegemine
sihker	kindel, selge
sihuke	niisugune, seesugune
sihukene	niisugune, seesugune
sihvkad	"päevalille musta kestaga väikesed seemned, millest pressitakse õli ja mida ka süüakse	 päevalille musta koorega väikesed seemned, mida süüakse ja millest tehakse õli"
siiam	Kagu-Aasiast pärit siniste silmadega, hrl lühikese pruunika karvaga sale ja nõtke kass
silmaklaasid	"kahest (optilisest) klaasist ja raamist koosnev ese, mida kantakse nägemise parandamiseks ja korrigeerimiseks või silmade kaitseks	 kahest klaasist ja raamist koosnev ese, mida inimesed kannavad silmade ees, et paremini näha"
sinder	leebe kirumissõna, mida kasutatakse millegi või kellegi üle pahandades, midagi taunides, harvemini imestuse või üllatuse korral
sindrinahk	leebe kirumissõna, mida kasutatakse millegi või kellegi üle pahandades, midagi taunides, harvemini imestuse või üllatuse korral
sinikrae	tööline, teenindaja, müüja vm teenindavat või tootvat tööd tegev inimene
sinisukk	(naise kohta, kel on kirjanduslikke vm vaimutegevuse kalduvusi, ent kes ei pruugi sel alal õnnestuda)
sisse vehkima	varastama, näppama
sitaseen	söögiks kõlbmatu, mittesöödav seen
sitasti	halvasti
sitavesi	solgivesi
siva	ruttu, kiiresti
skinn	heterogeense noorte subkultuuri liige, eripärase riietuse ja paljakspöetud peaga ja sageli rassistlike vaadetega hrl noor mees
skiso	skisofreenia all kannatav inimene
snitt	millegi üldilme (mis millestki lähtub), millegi laad, mingi eriline võte vms
sobi	pettus, sohk
soendama	"soojaks või soojemaks tegema	 soojenemist põhjustama	 temperatuurilt soojaks või soojemaks tegema"
soenema	temperatuurilt soojaks või soojemaks muutuma
soge	sonimüts
sohipoeg	väljaspool abielu, vallaslapsena sündinud poeg
sohver	bussi- või autojuht
somm	(soomlase kohta)
soodom	suur segadus, kaos
soodukas	soodusmüük, sooduspakkumine
soojanatuke	"lühidalt kestnud soe ilm	 vähene soojus"
soolaputka	ruum arreteeritute lühiajaliseks kinnipidamiseks
sopajoodik	paadunud joodik
sopakas	põnevust, meelelahutust vms taotlev kunstiväärtuseta raamat või ajakiri
sopakäi	keegi või miski väga sopane, porine
soperdis	kehv, viletsalt tehtud töö, hrl kirjatöö kohta
soperdus	kehv, viletsalt tehtud töö, hrl kirjatöö kohta
soru	ühtlane vedeliku juga
soru	pudel, tops vm kogus viina (vm kanget alkoholi)
sots	inimene, kes toetab vasakpoolset ideoloogiat, nt riigi sekkumist majandusse sotsiaalse õigluse ja stabiilsuse huvides
sotsiaalporno	(väga masendava elu skandaalimaigulise käsitlemise kohta)
sovetiaeg	Nõukogude Liidu võimu aeg Eestis 1940-1941 ja 1944–1991
speller	sõnade õigekirja kontrolliv arvutiprogramm
spets	"kindla otstarbega	 kindla, määratud otstarbega, millegi jaoks mõeldud, valmistatud või kasutatav"
stagna	stagnatsioon, hrl 1970.–1980. aastatel NSV Liidus valitsenud stagnatsiooni kohta
stipp	"raha, mida makstakse kellelegi tema õpingute või loomingulise töö toetamiseks	 õpinguiks, teadus- või loometööks (korrapäraselt) makstav abiraha"
stoori	lugu, jutt
stressama	"stressi all kannatama	 stressi tekitama"
stripp	striptiis
suht	suhteliselt, üsna
suhu võtma	peenist suuga erutama, mehele oraalseksi tegema
suller	suli
sumbuti	müra vähendav seade nt sisepõlemismootorites, tulirelvades
summer	heli tekitav signalisatsiooniseadis
sunnik	leebe kirumissõna, mida kasutatakse millegi või kellegi üle pahandades, midagi taunides, harvemini imestuse või üllatuse korral
supelsaks	inimene, kes veedab suvepuhkust (mere)rannas, kuurordis vm puhkekohas
supilontrus	(kirudes või tögades inimese kohta, harvem naljatamisi ka koera kohta)
supivalgus	(endisajal supile lisatud piima kohta, ka piima kohta üldse)
supler	seade, millega mõõdetakse esemete pikkust, läbimõõtu ja sügavust ning mis koosneb mõõteharudega ja põhiskaalaga joonlauast ja sellel nihutatavast lisaskaalaga raamist
susped	"lühikesed püksid, mida mehed kannavad, kui ujumas käivad	 ujumisel kantavad lühikese säärega püksid (meestel, lastel)"
sutikene	väike hulk, vähene määr
sutsu	natuke, veidi, pisut
suumulk	(suu kohta, sageli rääkimisega ühenduses)
suusoojaks	(ainult) moepärast, (niisama) jutujätkuks, tõsisema (taga)mõtteta
suuvärk	(kõneosavuse, väljendusviisi kohta)
svipsi	(kergelt) purju
svipsis	alkoholiuimas, napsitanud (olekus), (kergelt) purjus
sõrataud	ägedalt kulgev ja väga nakkav sõraliste viirushaigus, mille korral tekivad põletikulised villid suuõõne limaskestale, udaranahale vm
säherdune	"(osutab eelnevas või järgnevas mainitud asjaolule:) seda tüüpi, selle moodi	 viitab konkreetsele esemele, asjaolule, nähtusele, olendile: seda tüüpi, selle moodi"
sämplima	arvutis helisignaali töötlema, helilõiku sampleri abil digitaalsena talletama
sänikael	(põikpäise, isemeelse, sõnakuulmatu inimene kohta, ka kirumissõnana)
säärejooks	(jalasäärte välimuse, hrl sihvakate säärte kohta)
säärevarjud	püksid
sääreväristaja	väikesemahulise mootoriga kaherattaline sõiduk, abimootoriga jalgratas
söömamees	(meessoost) inimene, kes sööb meeleldi ja palju
sügavkülm	"eraldi külmkapp või külmkapi osa, kus on väga madal temperatuur ja toiduained säilivad kauem	 külmkapp toiduainete säilitamiseks temperatuuril kuni -35 °C"
šampus	(šampanja vm vahuveini kohta)
šnitt	millegi üldilme (mis millestki lähtub), millegi laad, mingi eriline võte vms
šoppama	kauplusi mööda ringi käima, neis sisseoste tegema
šoppamine	kauplusi mööda ringi käimine, neis sisseostude tegemine
taevakanal	(satelliittelevisiooni kanali kohta)
tagaspidi	"selg või tagumine pool ees	 selg, tagumine pool ees, tagasisuunas	 tavapärasele liikumisele vastupidises suunas"
tagi	lühike jakk või jope
tahaplaanile	teisejärgulisele, vähemtähtsale kohale või positsioonile
taibu	nutikas, hea taibuga inimene
takkaotsa	muule lisaks, ka veel
takkapihta	muule lisaks, ka veel
tamka	"kahe inimese lauamäng, mida mängitakse lamedate nuppudega spetsiaalsel mustade ja valgete ruutudega alusel	 kahe vastase lauamäng kabenditega tumedate ja heledate ruutudega nelinurksel laual"
tanta	(vanamoeliselt, saksikult tädi või vanema naise kohta)
tante	(vanamoeliselt, saksikult tädi või vanema naise kohta)
tapvalt	väga, äärmiselt
tatistama	"nuuskama	 sülitama"
tatraveski	(esineb lobisemise ja lobiseja kohta käivates väljendites ja võrdlustes)
tavaar	kaup, kraam
tegelinski	mingi (tähtis) asjamees vms
teisesooiharus	seksuaalne ja emotsionaalne tõmme teisest soost inimese vastu
tele	"liikuvate kujutiste ja helisignaali edastamine elektrisignaalide abil (raadiolainete vahendusel)	 liikuvate piltide ja helide läbi õhu saatmine nii, et inimesed saavad neid televiisorist vaadata	 sellekohane süsteem"
terekest	"sõna, mida sa ütled, kui sa kellegagi kohtud	 tervitussõna, mida kasutatakse kohtumisel või kellegi poole pöördumisel"
tibens-tobens	nii nagu vaja, korras, tipp-topp
tibi	välimusele suurt rõhku panev, hrl efektne, silmahakkav tüdruk või noor naine
tihu	puidu mahuühik, mille aluseks on 1 m3 puhta puidu maht ilma koore ja õhuvahedeta
till	mehe suguti
tinakas	joomiskõlbmatuks tehtud piiritus vm aine, mis on mõeldud ainult tehniliseks kasutamiseks
tindijüri	(kirjatöötegija kohta)
tinutama	(ohtralt, kanget) alkoholi jooma, viina võtma
tips	väike kogus alkoholi
tiss	"üks kahest naise pehmest ümarast elundist, millest lapse sünni järel eritub piima	 üks kahest ümarast pehmest osast naise kehal, kust beebi saab piima juua"
tissima	rinda imema
tohterdama	ravima, ravitsema
tohutu	väga, määratult
toi	vana mees
tong	(padruni) sütik
tongi	(kergelt) purju
tongis	alkoholiuimas, napsitanud (olekus), (kergelt) purjus
torujüri	torutööde asjatundja, torude valmistamisele ja remondile spetsialiseerunud lukksepp
torumees	torutööde asjatundja, torude valmistamisele ja remondile spetsialiseerunud lukksepp
tou	hoop, löök
transvaal	madin, möll, kisa-kära
trett	"kord	 käik, teekond"
trikkel	päästik (käsitulirelval)
tritsutama	(tritsudega) uisutama
tropp	naps viina vm kangemat alkoholi
trotuaar	"jalakäijate tee, näiteks tänava või maantee ääres	 jalakäijatele mõeldud, hrl kõva kattega kaetud teeosa"
truba	otsast laieneva, pikerguse kujuliseks painutatud toruga, kõrgeima heliulatusega vaskpuhkpill
träni	"igasugused (mõttetud) asjad	 rämps, pahn"
trään	"igasugused (mõttetud) asjad	 rämps, pahn"
tsikkel	"kahe või kolme rattaga mootorsõiduk, mille mootori töömaht on vähemalt 50 cm3 ja mis liigub kiirusega vähemalt 45 km/h	 mootoriga sõiduk, millel on kaks ratast"
tsipa	väike hulk, vähene määr
tsipakene	väike hulk, vähene määr
tss	vaikusele või vaikimisele manitsev häälitsus
tšau	tervitus- ja hüvastijätusõna
tšikk	välimusele suurt rõhku panev, hrl efektne, silmahakkav tüdruk või noor naine
tuhajuhan	rumal, taipamatu inimene, lollpea
tuleriist	relv, mille haavlilaeng, kuul, miin, mürsk vm paiskub rauaõõnest välja püssirohu vm lõhkeaine plahvatusel tekkinud gaaside survel
tulivesi	(viina või piirituse kohta)
tummahammas	(vaikse, sõnakehva inimese kohta)
turuvarblane	endale juhutöödega ülalpidamist teeniv isik
tutakas	löök, hoop
tutikas	täiesti uus
tuunima	"(inimese kohta:) üles lööma, atraktiivseks tegema	 sõidukit vm asja ilusamaks, võimsamaks vms tegema"
tõmbetükk	menukas lavateos
täiega	"täiesti, täielikult	 väga suurel määral, suure intensiivsusega vms"
täika	turg, kus kaubeldakse vanade, kasutatud asjadega
täitsa	osutab millegi täit määra, seda samas rõhutamata
täiturg	turg, kus kaubeldakse vanade, kasutatud asjadega
täto	naha sisse torgitud joonistus, täht või number inimese nahal (hrl kaunistuseks)
tätokas	naha sisse torgitud joonistus, täht või number inimese nahal (hrl kaunistuseks)
täägima	sotsiaalmeedias märgistama, nt pildile nimesilti lisama
tööpost	(esineb väljendites kellegi tööpaiga, ametikoha või töötamisega ühenduses)
tümm	monotoonse tugeva rütmiga muusika
tüng	"altminek, pettasaamine	 altvedamine"
tüürman	eriharidusega laevajuht, kes vastutab ohutu meresõidu eest, kapteni abi
uimerdama	(uimasena) aeglaselt liikuma või tegutsema
uimerdis	(aeglase ja uimase inimese kohta)
ulmekas	ulmežanris film, romaan, jutustus vm teos
umbjoove	väga purjus olek
untsakas	"kerglane, tühine inimene	 linnainimene, linliku elulaadiga inimene"
untsantsakas	"kerglane, tühine inimene	 linnainimene, linliku elulaadiga inimene"
ussipuru	röövikute poolt täiesti rikutud ese, läbinisti ussitanud puuvili vm
ute	emane lammas
uun	"elektriga ahi, mis teeb toidu väga kiiresti soojaks	 mikrolainete abil kiiresti ja ühtlaselt (toitu) kuumutav elektriahi"
va	esineb rõhutus asendis, kuid on tunderõhulise hinnanguga, väljendab hrl kas halvakspanu või tunnustust
vaaritama	süüa (või midagi joodavat) tegema, eriti midagi keetes
vaart	hoog, liikumise kiirus
vabatmees	"endisaegne vabamees	 vaba, siduvate kohustusteta mees"
vaevuma	"millekski (armuliselt, lahkesti) valmis olema	 viitsima midagi teha"
vahmiil	"perekond	 suguvõsa, suguselts"
valevorst	see, kes ilmast ilma valetab, valetaja
valgekrae	ametniku, teenistuja vm hrl kontoritööd tegev inimene
vaps	(aastail 1929–1934:) Eesti Vabadussõjalaste Keskliidu ja Eesti Vabadussõjalaste Liidu liige või toetaja
vedima	tirima, sikutama, vedama
Vene värk	(enamasti ühenduses nõukogudeaegse korralageduse, lohakuse, viletsa kvaliteedi, seadusetusega)
venku	(venelase kohta)
vennaihu	(sealiha kohta)
vennike	(mehe, poisi kohta, sageli haletsevalt või põlastavalt)
vennikene	(mehe, poisi kohta, sageli haletsevalt või põlastavalt)
vigurivärk	kummaline asi, imevigur
viiekas	rahatäht, mille väärtus on viis ühikut (nt viieeurone)
viiemees	viitele õppija, väga hea õpilane
viil	tööst vm tegevusest kõrvalehoidja
viinane	"alkoholijoobes, alkoholi tarvitanud olekus	 selline, kes on joonud nii palju alkoholi, et ei suuda enam selgelt mõelda või rääkida"
viinanina	alkoholi armastav inimene, kõva viinavõtja, joodik
viinavend	"(alkoholi armastava inimese, kõva viinavõtja kohta	 joomasõbra kohta)"
viinusk	"alkoholi sisaldav kange jook, mis näeb välja nagu vesi	 peamiselt teraviljast või kartulist saadav kange värvitu alkohoolne jook, mis sisaldab vett ja destilleeritud etanooli"
vilka	plotski
vimka	väike, kelmikas vemp või temp
virimokk	"hädaldama, virisema kalduv inimene	 inimene, eriti laps, kes kergesti nutma või hädaldama hakkab"
voh	rõhutab imetlust, vaimustust, nõustumist vms
volle	"sportlik mäng, kus kaks võistkonda löövad palli kätega üle kõrge võrgu	 sportlik pallimäng erilisel, võrguga poolitatud väljakul kahe võistkonna vahel, kus võitjaks osutub kaks kolmest geimist või kolm viiest geimist võitnud võistkond"
vonn	mõisnik, saks
vot	(rõhutav üldlaiend:) tugevdab ja rõhutab lauses väljendatud üllatust, tunnustust, pahameelt, kinnitust vms
vuhva	(halvustavalt ülesmukitud, uhke olekuga naise kohta)
vunk	"hoog, ind	 teravus, särtsakus"
vuntsima	hoolikalt korrastama, (väliselt) ilusaks tegema
vurhv	(sätitud, klanitud) välimus, olek
vurle	"kerglane, tühine inimene	 linnainimene, linliku elulaadiga inimene"
vutt	"sportlik mäng, kus üks võistkond püüab palli jalaga teise võistkonna väravasse lüüa	 sportmäng, milles kumbki meeskond püüab palli jalaga (või peaga) lüües vastaspoole väravasse saata"
võidumees	see, kes on teistest parem, kes võidab võistluse vm mõõduvõtmise
võimendus	"heli võimendamine sellise seadme abil	 võimendusseade või -seadmete süsteem"
võpsik	"kasutamata rohumaale, raiesmikule vms tekkiv eeskätt lehtpuude noor mets või põõsastik	 sellise noore metsa või põõsastikuga kaetud ala"
väits	nuga
välja sööma	"kedagi oma tegevuse või käitumisega kusagilt lahkuma sundima	 kedagi tegutsemast või midagi tarvitusest, käibelt kõrvale tõrjuma"
väljamaa	"mitteoma maa või riik, maa või riik väljaspool kodumaad	 ükskõik milline maa, mis ei ole sinu kodumaa"
vänts	(väike) laps
väntsakas	(väike) laps
värgindus	mingi täpsemalt määratlemata, ebamäärane asi, nähtus, tegevus vm
värsitreial	(kehvade) luuletuste kirjutaja
õllekas	õllebaar, -kõrts vm õllejoogikoht
äkane	roojaga koos
äkisti	"(kiiresti ja) nii et ei osanud ette näha	 äkki	 üllatuslikult (kiiresti, sel samal hetkel), ette nägematult, ette teatamata vms"
ämmatoss	vana murumuna vm puguseene rahvapärane nimetus
ära kargama	(riigist, vangistusest, kinnipidamisasutusest vm) põgenema
ära ratsima	liigselt lihtsustama, seeläbi mittemõistlikuks tegema
ärima	midagi müüma, hankima või ostma
öko	"keskkonnahoidlikku mõttelaadi pooldav	 keskkonnateadlikke inimesi koondav"
ööbla	(reisija) ööbimiskoht, majutuspaik
ühekorra	"mingil ajal minevikus või tulevikus	 mingil ebamäärasel, täpselt määratlemata ajal, millalgi minevikus või tulevikus, ühel (heal) päeval"
ühikas	"maja, mis on mõeldud tavaliselt üliõpilaste elukohaks	 üliõpilastele, õpilastele, töölistele vm ajutiseks elamiseks mõeldud elamu"
üks-kaks	kiiresti, ruttu
ükspäev	"mingil ajal minevikus või tulevikus	 mingil ebamäärasel, täpselt määratlemata ajal, millalgi minevikus või tulevikus, ühel (heal) päeval"
ükstaskõik	"kui sul on millegi suhtes ükskõik, siis see pole sinu jaoks oluline, sinu jaoks vahet ei ole	 märgib ükskõikset suhtumist, ükskõiksust mingi olukorra suhtes: sama see, teeb üks välja"
ülesse	üles
üüratu	väga, määratult
